{"make_predictor_inception_model_accuracies": [0.07828598189197628, 0.084920387137059, 0.08851077115204496, 0.09694036840462067, 0.12105838276615673, 0.15508897908211053, 0.1827193256322198, 0.202622541367468, 0.23454573837027787, 0.2671714018108024, 0.3055729004058695, 0.3443646581330003, 0.39174211676553233, 0.4320949110209179, 0.47393068997814547, 0.5156884171089603, 0.5515922572588199, 0.5761785825788324, 0.6068529503590384, 0.6284733062753668, 0.650171714018108, 0.6767873868248517, 0.6946612550733687, 0.7112862940992819, 0.7262722447705277, 0.743131439275679, 0.7543709022791133, 0.7716203559163285, 0.7844989072744302, 0.794411489228848, 0.8109584764283484, 0.8147830159225726, 0.8138463940056198, 0.8395254448954106, 0.8406962222916016, 0.8546674992194817, 0.8632532001248829, 0.8698876053699657, 0.8720730565095223, 0.8779269434904777, 0.8912738058070558, 0.8844052450827349, 0.8958788635654075, 0.9009522322822354, 0.8987667811426787, 0.90735248204808, 0.9178894786137995, 0.9164064939119575, 0.9199188261005308, 0.9123477989384952, 0.9169528566968467, 0.9327973774586326, 0.955900718076803, 0.9701842023103341, 0.9777552294723697, 0.9798626287855136, 0.9790040586949734, 0.9831408054948486, 0.9844676865438651, 0.9860287230721199, 0.9862628785513581, 0.9862628785513581, 0.9861848267249453, 0.9871214486418982, 0.9863409303777708, 0.9874336559475492, 0.988682485170153, 0.9907118326568841, 0.9879019669060256, 0.9907118326568841, 0.9920387137059007, 0.991336247268186, 0.9899313143927568, 0.9898532625663441, 0.9910240399625351, 0.9925070246643771, 0.9903996253512333, 0.9920387137059007, 0.9908679363097096, 0.9925070246643771, 0.9929753356228536, 0.9930533874492663, 0.9932094911020918, 0.9932094911020918, 0.9929753356228536, 0.9933655947549173, 0.9939119575398064, 0.9941461130190447, 0.9921948173587262, 0.9932094911020918, 0.9935216984077427, 0.9943802684982829, 0.9925850764907899, 0.9921948173587262, 0.9935216984077427, 0.9935216984077427], "val_accuracies": [0.08801498127340825, 0.08739076154806492, 0.07584269662921349, 0.07397003745318352, 0.12016229712858927, 0.16604244694132334, 0.1679151061173533, 0.19756554307116106, 0.22128589263420725, 0.23220973782771537, 0.3083645443196005, 0.3392634207240949, 0.41292134831460675, 0.4085518102372035, 0.45630461922596754, 0.5096754057428214, 0.5333957553058677, 0.5399500624219725, 0.5820848938826467, 0.5939450686641697, 0.6223470661672909, 0.5995630461922596, 0.6579275905118602, 0.6345193508114857, 0.6510611735330837, 0.6660424469413233, 0.6882022471910112, 0.6760299625468165, 0.6763420724094882, 0.716916354556804, 0.6919475655430711, 0.7294007490636704, 0.733458177278402, 0.7440699126092385, 0.7403245942571786, 0.7390761548064919, 0.718789013732834, 0.7384519350811486, 0.7446941323345818, 0.7347066167290887, 0.7506242197253433, 0.7209737827715356, 0.762796504369538, 0.7631086142322098, 0.7574906367041199, 0.7880774032459426, 0.7715355805243446, 0.7824594257178527, 0.7755930087390761, 0.7590511860174781, 0.7762172284644194, 0.7749687890137328, 0.8295880149812734, 0.8311485642946317, 0.8451935081148564, 0.8455056179775281, 0.8461298377028714, 0.8508114856429463, 0.8439450686641697, 0.849250936329588, 0.8442571785268415, 0.8517478152309613, 0.8480024968789014, 0.8430087390761548, 0.8470661672908864, 0.8539325842696629, 0.8520599250936329, 0.8523720349563046, 0.848314606741573, 0.8514357053682896, 0.8570536828963795, 0.846441947565543, 0.8551810237203495, 0.8533083645443196, 0.8439450686641697, 0.8551810237203495, 0.851123595505618, 0.8579900124843945, 0.8632958801498127, 0.8570536828963795, 0.8526841448189763, 0.8542446941323346, 0.8542446941323346, 0.8583021223470662, 0.8579900124843945, 0.865792759051186, 0.8589263420724095, 0.8554931335830213, 0.8601747815230961, 0.8598626716604245, 0.8639200998751561, 0.8561173533083646, 0.8558052434456929, 0.8595505617977528, 0.8514357053682896, 0.8576779026217228]}