{"train_accuracies": [0.07766156728067437, 0.11294099281923196, 0.14236653137683422, 0.1760068685607243, 0.2177645956915392, 0.2592881673431158, 0.30729004058694975, 0.3474086793630971, 0.3943958788635654, 0.4305338744926631, 0.4669840774274118, 0.49929753356228534, 0.5301280049953169, 0.561660942866063, 0.5870277864502029, 0.6145020293474868, 0.639166406493912, 0.655245082734936, 0.681470496409616, 0.6995785201373712, 0.7183109584764283, 0.7262722447705277, 0.7475803933812051, 0.7672494536372151, 0.7745863253200125, 0.7909772088666874, 0.8015142054324071, 0.8070558851077115, 0.8180611926319076, 0.8347642834842335, 0.8438963471745239, 0.8514673743365595, 0.8591945051514206, 0.8681704651888854, 0.8731657820793006, 0.8796440836715579, 0.8842491414299095, 0.8838588822978458, 0.8920543240711832, 0.8967374336559476, 0.9040743053387449, 0.9089135185763347, 0.9090696222291602, 0.9147674055572901, 0.918045582266625, 0.919840774274118, 0.9189041523571652, 0.9308460817983141, 0.929363097096472, 0.9234311582891039, 0.9284264751795192, 0.9432563221979394, 0.9373243833905713, 0.9368560724320949, 0.9378707461754605, 0.9463003434280363, 0.9420074929753356, 0.9471589135185763, 0.9509054011863878, 0.9506712457071496, 0.9494224164845457, 0.9515298157976897, 0.9459100842959726, 0.9538713705900718, 0.9565251326881049, 0.9530908523259445, 0.9751014673743366, 0.9850140493287542, 0.9887605369965657, 0.9899313143927568, 0.9893068997814549, 0.9902435216984078, 0.9908679363097096, 0.991648454573837, 0.9920387137059007, 0.9938339057133937, 0.9939119575398064, 0.99344364658133, 0.995238838588823, 0.9943022166718701, 0.994926631283172, 0.9942241648454574, 0.994926631283172, 0.9953168904152357, 0.9951607867624103, 0.9944583203246956, 0.9953168904152357, 0.9959413050265377, 0.9964096159850141, 0.9953168904152357, 0.9964096159850141, 0.9950046831095848, 0.9959413050265377, 0.9971120824227286, 0.9963315641586014, 0.995551045894474, 0.996721823290665, 0.9964876678114268, 0.9958632532001249, 0.9968779269434904], "val_accuracies": [0.07147315855181023, 0.12359550561797752, 0.16073657927590512, 0.1735330836454432, 0.22846441947565543, 0.29525593008739076, 0.31429463171036204, 0.3439450686641698, 0.350187265917603, 0.43570536828963796, 0.45224719101123595, 0.4859550561797753, 0.5106117353308365, 0.5443196004993758, 0.5380774032459426, 0.5848938826466916, 0.5870786516853933, 0.6014357053682896, 0.6441947565543071, 0.6229712858926342, 0.6373283395755306, 0.6448189762796505, 0.66167290886392, 0.6775905118601748, 0.6863295880149812, 0.7144194756554307, 0.6875780274656679, 0.7125468164794008, 0.7078651685393258, 0.7119225967540574, 0.720661672908864, 0.7203495630461922, 0.7428214731585518, 0.7434456928838952, 0.7528089887640449, 0.7269038701622972, 0.7624843945068664, 0.7640449438202247, 0.7671660424469413, 0.7709113607990012, 0.7403245942571786, 0.7409488139825219, 0.7599875156054932, 0.7755930087390761, 0.7493757802746567, 0.7774656679151061, 0.7805867665418227, 0.779338327091136, 0.7581148564294632, 0.7805867665418227, 0.7771535580524345, 0.8071161048689138, 0.779338327091136, 0.7918227215980025, 0.7874531835205992, 0.7940074906367042, 0.7837078651685393, 0.8086766541822722, 0.8099250936329588, 0.8105493133583022, 0.7905742821473158, 0.8064918851435705, 0.8030586766541823, 0.8030586766541823, 0.7999375780274657, 0.7943196004993758, 0.8430087390761548, 0.8570536828963795, 0.8629837702871411, 0.8692259675405742, 0.8598626716604245, 0.8704744069912609, 0.8682896379525593, 0.8735955056179775, 0.8754681647940075, 0.8732833957553059, 0.8789013732833958, 0.8770287141073658, 0.8664169787765293, 0.8698501872659176, 0.8798377028714107, 0.8726591760299626, 0.8776529338327091, 0.8692259675405742, 0.8748439450686641, 0.8723470661672909, 0.8779650436953808, 0.8735955056179775, 0.8767166042446941, 0.8770287141073658, 0.8807740324594258, 0.8795255930087391, 0.8779650436953808, 0.8801498127340824, 0.8770287141073658, 0.8820224719101124, 0.8773408239700374, 0.8745318352059925, 0.8779650436953808, 0.8757802746566792]}