{"train_accuracies": [0.0666562597564783, 0.07126131751482985, 0.07180768029971901, 0.07274430221667187, 0.07446144239775211, 0.07227599125819544, 0.07446144239775211, 0.07438339057133937, 0.08015922572588198, 0.08172026225413674, 0.08523259444270996, 0.09108648142366531, 0.09655010927255697, 0.10365282547611614, 0.11130190446456448, 0.12191695285669685, 0.13136122385263815, 0.13713705900718076, 0.15251326881049015, 0.16219169528566968, 0.1788167343115829, 0.20113955666562597, 0.22143303153293786, 0.24024352169840774, 0.25811738994692474, 0.27802060568217296, 0.29745551045894475, 0.33148610677489854, 0.3479550421479863, 0.3670777396191071, 0.3918201685919451, 0.4075085857009054, 0.4297533562285357, 0.44700280986575086, 0.4750234155479238, 0.4964876678114268, 0.5079612862940993, 0.5284889166406493, 0.5549484857945676, 0.5785981891976272, 0.5937402435216984, 0.6086481423665314, 0.6289416172338432, 0.6383078364033719, 0.6598501404932875, 0.6788947861379956, 0.6838120512019982, 0.7007492975335623, 0.7122229160162348, 0.7243209491102092, 0.7481267561660943, 0.7484389634717452, 0.7552294723696534, 0.7718545113955667, 0.7870746175460506, 0.7852013737121448, 0.7911333125195129, 0.8080705588510771, 0.8174367780206057, 0.8219637839525444, 0.8264907898844833, 0.8324227286918514, 0.8456915391820169, 0.8402279113331252, 0.847408679363097, 0.8550577583515454, 0.9194505151420543, 0.9337339993755854, 0.9389634717452389, 0.9487980018732438, 0.9467686543865127, 0.949656571963784, 0.9538713705900718, 0.9532469559787698, 0.9577739619107087, 0.9543396815485482, 0.955900718076803, 0.9587886356540744, 0.962144864189822, 0.9615985014049329, 0.9602716203559163, 0.9616765532313456, 0.964252263502966, 0.9654230408991571, 0.9636278488916641, 0.9594911020917889, 0.9655010927255698, 0.9635497970652513, 0.964564470808617, 0.9643303153293787, 0.9655010927255698, 0.9664377146425226, 0.9665157664689353, 0.9686231657820793, 0.9694817358726194, 0.9701061504839213, 0.9686231657820793, 0.9717452388385889, 0.9699500468310959, 0.9703403059631596], "val_accuracies": [0.06647940074906367, 0.06585518102372034, 0.07958801498127341, 0.08083645443196005, 0.06772784019975031, 0.07865168539325842, 0.07053682896379526, 0.08239700374531835, 0.08021223470661673, 0.08302122347066167, 0.08270911360799, 0.10143570536828964, 0.09176029962546817, 0.0898876404494382, 0.11329588014981273, 0.12078651685393259, 0.12484394506866417, 0.13951310861423222, 0.1388888888888889, 0.1601123595505618, 0.16978776529338327, 0.17759051186017477, 0.20880149812734083, 0.18945068664169787, 0.22440699126092384, 0.23158551810237205, 0.24032459425717853, 0.2549937578027466, 0.2915106117353308, 0.315230961298377, 0.3114856429463171, 0.32240948813982523, 0.3539325842696629, 0.36329588014981273, 0.36953807740324596, 0.3548689138576779, 0.3929463171036205, 0.4147940074906367, 0.4247815230961298, 0.43757802746566793, 0.40792759051186017, 0.47253433208489387, 0.4241573033707865, 0.4066791510611735, 0.4778401997503121, 0.49781523096129837, 0.5112359550561798, 0.48314606741573035, 0.4697253433208489, 0.5187265917602997, 0.521223470661673, 0.5156054931335831, 0.548689138576779, 0.5543071161048689, 0.5371410736579276, 0.5596129837702871, 0.5583645443196005, 0.5374531835205992, 0.5199750312109863, 0.5755305867665418, 0.5518102372034956, 0.5249687890137328, 0.5380774032459426, 0.5602372034956304, 0.5596129837702871, 0.5636704119850188, 0.6626092384519351, 0.6610486891385767, 0.6750936329588015, 0.6585518102372035, 0.6657303370786517, 0.6626092384519351, 0.6794631710362048, 0.6760299625468165, 0.6760299625468165, 0.6754057428214731, 0.6869538077403246, 0.6835205992509363, 0.6825842696629213, 0.6816479400749064, 0.6807116104868914, 0.6894506866416978, 0.686641697877653, 0.6760299625468165, 0.6863295880149812, 0.6825842696629213, 0.6944444444444444, 0.6882022471910112, 0.6785268414481898, 0.681023720349563, 0.6891385767790262, 0.6928838951310862, 0.6947565543071161, 0.6925717852684145, 0.699438202247191, 0.6894506866416978, 0.6916354556803995, 0.6894506866416978, 0.6947565543071161, 0.6956928838951311]}