{"train_accuracies": [0.07172962847330627, 0.06852950359038401, 0.07141742116765533, 0.07313456134873556, 0.07500780518264127, 0.07656884171089604, 0.0787542928504527, 0.08008117389946924, 0.08515454261629722, 0.09280362160474555, 0.10092101155167031, 0.10240399625351233, 0.10833593506088042, 0.11840462066812363, 0.12925382453949422, 0.13175148298470185, 0.14080549484857946, 0.1568841710896035, 0.16562597564783016, 0.18014361536059945, 0.1911489228847955, 0.2009834530128005, 0.22416484545738372, 0.24391195753980643, 0.2627224477052763, 0.2899625351233219, 0.31322197939431784, 0.33936934124258505, 0.36497034030596315, 0.385888229784577, 0.4130502653762098, 0.4399781454886044, 0.4605838276615673, 0.4875117077739619, 0.5104589447393069, 0.5263034655010927, 0.5600999063378083, 0.5764907898844833, 0.6024820480799251, 0.6220730565095223, 0.6395566656259757, 0.6583671557914456, 0.67702154230409, 0.6938026849828286, 0.7069934436465813, 0.7179206993443646, 0.7450046831095848, 0.7480487043396815, 0.776537620980331, 0.7702934748673119, 0.786059943802685, 0.8047923821417421, 0.8066656259756478, 0.8215735248204808, 0.8207930065563535, 0.8330471433031533, 0.8976740555729004, 0.9197627224477053, 0.9267873868248517, 0.9338120512019982, 0.9367780206056822, 0.9406025600999064, 0.9400561973150172, 0.9434904776771776, 0.9468467062129254, 0.9464564470808617, 0.9491102091788948, 0.9527786450202935, 0.9521542304089916, 0.9527786450202935, 0.9569934436465813, 0.9560568217296285, 0.95410552606931, 0.9559787699032157, 0.9553543552919138, 0.9561348735560412, 0.9583983765220107, 0.9579300655635342, 0.9641742116765533, 0.9652669372463316, 0.9640961598501405, 0.9659694036840462, 0.9661255073368716, 0.963940056197315, 0.9644083671557915, 0.9637059007180768, 0.9670621292538245, 0.9662816109896971, 0.9656571963783952, 0.9656571963783952, 0.9637839525444896, 0.9672962847330627, 0.9655010927255698, 0.9638620043709023], "val_accuracies": [0.06398252184769039, 0.0702247191011236, 0.07865168539325842, 0.08083645443196005, 0.05711610486891386, 0.06772784019975031, 0.08052434456928839, 0.07833957553058676, 0.07833957553058676, 0.0883270911360799, 0.09300873907615481, 0.08770287141073659, 0.10611735330836454, 0.09425717852684144, 0.11204744069912609, 0.08302122347066167, 0.13420724094881398, 0.13358302122347065, 0.14762796504369538, 0.15418227215980024, 0.1457553058676654, 0.17946317103620474, 0.18601747815230962, 0.21598002496878901, 0.2365792759051186, 0.24188514357053684, 0.27153558052434457, 0.23096129837702872, 0.2943196004993758, 0.34207240948813983, 0.3439450686641698, 0.37109862671660426, 0.3873283395755306, 0.38202247191011235, 0.3751560549313358, 0.40230961298377027, 0.37734082397003743, 0.448501872659176, 0.45287141073657927, 0.47097378277153557, 0.4837702871410737, 0.46098626716604246, 0.5037453183520599, 0.5, 0.4837702871410737, 0.5380774032459426, 0.5093632958801498, 0.5602372034956304, 0.5605493133583022, 0.5870786516853933, 0.5699126092384519, 0.5696004993757803, 0.5349563046192259, 0.5745942571785269, 0.5839575530586767, 0.5752184769038702, 0.66167290886392, 0.6750936329588015, 0.6735330836454432, 0.6779026217228464, 0.6897627965043696, 0.6769662921348315, 0.6931960049937578, 0.6853932584269663, 0.6910112359550562, 0.6882022471910112, 0.6838327091136079, 0.6922596754057428, 0.6960049937578028, 0.6931960049937578, 0.7044319600499376, 0.7006866416978776, 0.6906991260923845, 0.6919475655430711, 0.6981897627965044, 0.7034956304619226, 0.6997503121098627, 0.7009987515605494, 0.7053682896379525, 0.7056803995006242, 0.712234706616729, 0.7081772784019975, 0.712234706616729, 0.7137952559300874, 0.7069288389513109, 0.7047440699126092, 0.7100499375780275, 0.700374531835206, 0.7103620474406991, 0.7063046192259675, 0.7063046192259675, 0.7078651685393258, 0.712234706616729, 0.7050561797752809]}