{"train_accuracies": [0.006946612550733687, 0.008117389946924758, 0.009366219169528567, 0.008897908211052139, 0.007414923509210115, 0.008897908211052139, 0.008585700905401186, 0.009834530128004995, 0.009132063690290352, 0.009990633780830472, 0.008663752731813924, 0.010146737433655947, 0.009132063690290352, 0.009834530128004995, 0.0104589447393069, 0.011785825788323446], "val_accuracies": [0.008426966292134831, 0.005305867665418227, 0.00749063670411985, 0.009051186017478152, 0.008426966292134831, 0.009675405742821473, 0.009051186017478152, 0.008739076154806492, 0.009363295880149813, 0.009051186017478152, 0.009051186017478152, 0.009051186017478152, 0.009051186017478152, 0.008114856429463172, 0.008739076154806492, 0.008426966292134831]}