{"train_accuracies": [0.007024664377146425, 0.00967842647517952, 0.010224789260068685, 0.011317514829847018, 0.013190758663752732, 0.015610365282547611, 0.016781142678738682, 0.020605682172962846, 0.022713081486106776, 0.026381517327505464, 0.030908523259444272, 0.036762410240399626, 0.04316266000624415, 0.05635341866999688, 0.06915391820168591, 0.08609116453325008, 0.10248204807992507, 0.12730252887917579, 0.14876678114267874, 0.1884951607867624, 0.2176084920387137, 0.2496097408679363, 0.2933187636590696, 0.3269591008429597, 0.3687948798001873, 0.40313768342179207, 0.44575398064314703, 0.47837964408367156, 0.5164689353730877, 0.5463627848891665, 0.5723540430846081, 0.6105994380268498, 0.6376834217920699, 0.6712457071495473, 0.6909147674055572, 0.7143303153293787, 0.7298626287855136, 0.7539806431470496, 0.7698251639088355, 0.7837964408367156, 0.7958164221042773, 0.8223540430846081, 0.8176709334998439, 0.8369497346237902, 0.8418669996877927, 0.8502965969403684, 0.8651264439587887, 0.8726974711208242, 0.8689509834530128, 0.8799562909772088, 0.8872151108335935, 0.8887761473618483, 0.8975179519200749, 0.9032937870746175, 0.9103184514517639, 0.9061817046518889, 0.9148454573837028, 0.9189041523571652, 0.9148454573837028, 0.9157040274742428, 0.9229628473306275, 0.9313143927567905, 0.9686231657820793, 0.9810334061817046, 0.983921323758976, 0.985404308460818, 0.9852482048079925, 0.9857945675928816, 0.9884483296909148, 0.9875117077739619, 0.9885263815173275, 0.9875897596003747, 0.9878239150796129, 0.9880580705588511, 0.9907118326568841, 0.9903996253512333, 0.9926631283172026, 0.9907898844832969, 0.9915704027474243, 0.991648454573837, 0.9943022166718701, 0.9917265064002497, 0.9918045582266625, 0.9936778020605682, 0.9929753356228536, 0.9927411801436153, 0.9924289728379644], "val_accuracies": [0.00749063670411985, 0.008739076154806492, 0.005930087390761548, 0.01529338327091136, 0.01529338327091136, 0.019350811485642945, 0.01466916354556804, 0.02215980024968789, 0.019975031210986267, 0.026841448189762796, 0.026841448189762796, 0.033395755305867664, 0.03932584269662921, 0.046192259675405745, 0.06273408239700375, 0.058364544319600496, 0.07990012484394507, 0.09300873907615481, 0.10268414481897628, 0.1426342072409488, 0.15886392009987516, 0.17009987515605493, 0.1797752808988764, 0.2144194756554307, 0.24001248439450687, 0.2531210986267166, 0.2737203495630462, 0.29525593008739076, 0.3089887640449438, 0.350187265917603, 0.36392009987515606, 0.38514357053682896, 0.37546816479400746, 0.38857677902621723, 0.4403870162297129, 0.366729088639201, 0.44818976279650435, 0.46878901373283394, 0.45942571785268416, 0.4756554307116105, 0.46878901373283394, 0.4444444444444444, 0.47908863920099876, 0.4993757802746567, 0.49781523096129837, 0.5068664169787765, 0.4722222222222222, 0.46878901373283394, 0.5096754057428214, 0.5156054931335831, 0.534019975031211, 0.5318352059925093, 0.533083645443196, 0.5277777777777778, 0.5468164794007491, 0.5617977528089888, 0.5109238451935081, 0.5380774032459426, 0.5159176029962547, 0.5455680399500624, 0.5521223470661673, 0.5614856429463171, 0.632334581772784, 0.6426342072409488, 0.6379525593008739, 0.6510611735330837, 0.6548064918851436, 0.6491885143570537, 0.6591760299625468, 0.6551186017478152, 0.6432584269662921, 0.6588639200998752, 0.6541822721598003, 0.649812734082397, 0.6563670411985019, 0.6679151061173533, 0.6750936329588015, 0.6573033707865169, 0.66167290886392, 0.6573033707865169, 0.6638576779026217, 0.6622971285892634, 0.6619850187265918, 0.6601123595505618, 0.6719725343320849, 0.6629213483146067, 0.6729088639200999]}