{"train_accuracies": [0.009691629955947136, 0.028193832599118944, 0.06519823788546256, 0.17004405286343613, 0.3295154185022026, 0.5268722466960353, 0.7127753303964758, 0.8167400881057268, 0.8942731277533039, 0.9259911894273127, 0.9268722466960353, 0.9506607929515418, 0.9524229074889868, 0.9497797356828194, 0.9753303964757709, 0.9726872246696036, 0.9894273127753304, 0.9903083700440528, 0.9911894273127754, 0.986784140969163, 0.9859030837004406, 0.986784140969163, 0.9823788546255506], "val_accuracies": [0.0, 0.02112676056338028, 0.014084507042253521, 0.08098591549295775, 0.13380281690140844, 0.16901408450704225, 0.24647887323943662, 0.2323943661971831, 0.352112676056338, 0.34507042253521125, 0.34507042253521125, 0.35563380281690143, 0.3274647887323944, 0.36619718309859156, 0.38380281690140844, 0.3873239436619718, 0.36619718309859156, 0.426056338028169, 0.38380281690140844, 0.4225352112676056, 0.3626760563380282, 0.397887323943662, 0.397887323943662], "best_val_accuracy": 0.426056338028169}