{"train_accuracies": [0.003524229074889868, 0.007929515418502203, 0.009691629955947136, 0.010572687224669603, 0.009691629955947136, 0.014096916299559472, 0.014096916299559472, 0.014977973568281937, 0.01762114537444934, 0.02643171806167401, 0.029955947136563875, 0.04933920704845815, 0.06960352422907488, 0.0881057268722467, 0.11101321585903083, 0.14185022026431718, 0.18766519823788547, 0.239647577092511, 0.2889867841409692, 0.31541850220264317, 0.37709251101321584, 0.44933920704845814, 0.4951541850220264, 0.5621145374449339, 0.6088105726872247, 0.66784140969163, 0.681057268722467, 0.7180616740088106, 0.7506607929515419, 0.8035242290748899, 0.8176211453744493, 0.8519823788546256, 0.8634361233480177, 0.8801762114537445, 0.8942731277533039, 0.8907488986784141, 0.9286343612334802, 0.9233480176211454, 0.9374449339207048, 0.918942731277533, 0.9277533039647577, 0.9427312775330396, 0.9356828193832599, 0.9436123348017621, 0.9559471365638766, 0.9621145374449339, 0.9550660792951542, 0.9612334801762115, 0.9647577092511013, 0.9629955947136564, 0.9621145374449339, 0.9700440528634361, 0.9823788546255506, 0.9885462555066079, 0.9894273127753304, 0.9920704845814978, 0.9947136563876652, 0.9947136563876652, 0.9929515418502203, 0.9929515418502203, 0.9920704845814978, 0.9903083700440528, 0.9955947136563876, 0.9929515418502203, 0.9938325991189427, 0.9964757709251101, 0.9964757709251101, 0.9938325991189427, 0.9938325991189427, 0.9973568281938326, 0.9929515418502203, 0.9947136563876652, 0.9947136563876652, 0.9911894273127754, 0.9894273127753304, 0.9938325991189427, 0.9920704845814978], "val_accuracies": [0.007042253521126761, 0.01056338028169014, 0.014084507042253521, 0.0035211267605633804, 0.007042253521126761, 0.014084507042253521, 0.01056338028169014, 0.014084507042253521, 0.02464788732394366, 0.014084507042253521, 0.03169014084507042, 0.07042253521126761, 0.05985915492957746, 0.06338028169014084, 0.05985915492957746, 0.09154929577464789, 0.11971830985915492, 0.1619718309859155, 0.2007042253521127, 0.22887323943661972, 0.24295774647887325, 0.23591549295774647, 0.2992957746478873, 0.29577464788732394, 0.3345070422535211, 0.39436619718309857, 0.33098591549295775, 0.38380281690140844, 0.38028169014084506, 0.40492957746478875, 0.45422535211267606, 0.4788732394366197, 0.44014084507042256, 0.4859154929577465, 0.4507042253521127, 0.4471830985915493, 0.4964788732394366, 0.4859154929577465, 0.4894366197183099, 0.4823943661971831, 0.4788732394366197, 0.528169014084507, 0.4788732394366197, 0.5316901408450704, 0.5387323943661971, 0.5563380281690141, 0.528169014084507, 0.4964788732394366, 0.5387323943661971, 0.5070422535211268, 0.5246478873239436, 0.5105633802816901, 0.5246478873239436, 0.5563380281690141, 0.5422535211267606, 0.5563380281690141, 0.545774647887324, 0.5492957746478874, 0.5387323943661971, 0.5704225352112676, 0.5809859154929577, 0.5845070422535211, 0.5669014084507042, 0.5774647887323944, 0.573943661971831, 0.5352112676056338, 0.5528169014084507, 0.5598591549295775, 0.5704225352112676, 0.5563380281690141, 0.5563380281690141, 0.5669014084507042, 0.5598591549295775, 0.573943661971831, 0.5774647887323944, 0.545774647887324, 0.5563380281690141], "best_val_accuracy": 0.5845070422535211}