{"train_accuracies": [0.006802721088435374, 0.017857142857142856, 0.0782312925170068, 0.10459183673469388, 0.391156462585034, 0.3784013605442177, 0.5748299319727891, 0.47959183673469385, 0.564625850340136, 0.4931972789115646, 0.4880952380952381, 0.5943877551020408, 0.6241496598639455, 0.4268707482993197, 0.483843537414966, 0.35119047619047616, 0.6071428571428571, 0.5340136054421769, 0.6275510204081632, 0.5399659863945578, 0.4523809523809524, 0.44047619047619047, 0.5093537414965986, 0.3843537414965986, 0.3758503401360544, 0.5051020408163265, 0.5773809523809523, 0.6428571428571429, 0.4957482993197279, 0.6947278911564626, 0.23299319727891157, 0.5008503401360545, 0.45663265306122447, 0.48894557823129253, 0.4523809523809524, 0.4379251700680272, 0.5110544217687075, 0.6760204081632653, 0.4846938775510204, 0.54421768707483, 0.564625850340136, 0.4030612244897959, 0.6215986394557823, 0.5952380952380952, 0.6147959183673469, 0.34183673469387754, 0.5408163265306123, 0.5637755102040817, 0.5476190476190477, 0.4931972789115646, 0.5068027210884354, 0.44047619047619047, 0.38010204081632654, 0.37670068027210885, 0.6045918367346939, 0.5297619047619048, 0.4931972789115646, 0.5272108843537415, 0.5051020408163265, 0.5909863945578231, 0.5654761904761905, 0.47534013605442177, 0.5433673469387755, 0.5714285714285714, 0.6683673469387755, 0.5187074829931972, 0.48214285714285715, 0.5850340136054422, 0.5272108843537415, 0.4846938775510204, 0.5714285714285714, 0.5501700680272109, 0.3673469387755102, 0.461734693877551, 0.42517006802721086, 0.5986394557823129], "val_accuracies": [0.01020408163265306, 0.027210884353741496, 0.0782312925170068, 0.11904761904761904, 0.19047619047619047, 0.2619047619047619, 0.2891156462585034, 0.3163265306122449, 0.3163265306122449, 0.30952380952380953, 0.36394557823129253, 0.336734693877551, 0.3401360544217687, 0.36394557823129253, 0.3707482993197279, 0.3299319727891156, 0.36054421768707484, 0.3843537414965986, 0.3707482993197279, 0.37755102040816324, 0.37755102040816324, 0.36054421768707484, 0.35034013605442177, 0.3741496598639456, 0.391156462585034, 0.3979591836734694, 0.391156462585034, 0.3945578231292517, 0.41836734693877553, 0.391156462585034, 0.3877551020408163, 0.391156462585034, 0.3979591836734694, 0.40816326530612246, 0.42517006802721086, 0.4217687074829932, 0.3979591836734694, 0.4217687074829932, 0.41496598639455784, 0.40476190476190477, 0.391156462585034, 0.40816326530612246, 0.40476190476190477, 0.41156462585034015, 0.40816326530612246, 0.42857142857142855, 0.45918367346938777, 0.4387755102040816, 0.4489795918367347, 0.42857142857142855, 0.4421768707482993, 0.40476190476190477, 0.4523809523809524, 0.4387755102040816, 0.4421768707482993, 0.41156462585034015, 0.42517006802721086, 0.4557823129251701, 0.42857142857142855, 0.43537414965986393, 0.46598639455782315, 0.42857142857142855, 0.4557823129251701, 0.4421768707482993, 0.4489795918367347, 0.4489795918367347, 0.445578231292517, 0.4489795918367347, 0.4387755102040816, 0.4421768707482993, 0.4421768707482993, 0.42517006802721086, 0.43537414965986393, 0.445578231292517, 0.45918367346938777, 0.45918367346938777], "best_val_accuracy": 0.46598639455782315}