{"train_accuracies": [0.005429864253393665, 0.016289592760180997, 0.056108597285067875, 0.11493212669683257, 0.29773755656108597, 0.24796380090497738, 0.5565610859728507, 0.4262443438914027, 0.4515837104072398, 0.46968325791855203, 0.4497737556561086, 0.5520361990950227, 0.5710407239819004, 0.4407239819004525, 0.609049773755656, 0.4108597285067873, 0.6, 0.4687782805429864, 0.571945701357466, 0.5990950226244344, 0.5520361990950227, 0.5366515837104072, 0.5212669683257919, 0.5294117647058824, 0.45610859728506786, 0.5294117647058824, 0.47782805429864256, 0.45339366515837104, 0.5864253393665159, 0.497737556561086, 0.43891402714932126, 0.63710407239819, 0.5402714932126697, 0.4506787330316742, 0.5502262443438914, 0.502262443438914, 0.47420814479638007, 0.3665158371040724, 0.6407239819004525, 0.45429864253393665, 0.40180995475113124, 0.40452488687782806, 0.49049773755656106, 0.5149321266968325, 0.4171945701357466, 0.4108597285067873, 0.539366515837104, 0.49411764705882355, 0.3755656108597285, 0.497737556561086, 0.465158371040724, 0.5520361990950227, 0.7040723981900453, 0.45701357466063347, 0.5990950226244344, 0.611764705882353, 0.47420814479638007, 0.49140271493212667, 0.48868778280542985, 0.36742081447963804, 0.46968325791855203, 0.6018099547511312], "val_accuracies": [0.010830324909747292, 0.02527075812274368, 0.08303249097472924, 0.1588447653429603, 0.22021660649819494, 0.23465703971119134, 0.2996389891696751, 0.30685920577617326, 0.296028880866426, 0.33574007220216606, 0.37184115523465705, 0.33935018050541516, 0.33212996389891697, 0.36823104693140796, 0.37906137184115524, 0.36462093862815886, 0.3898916967509025, 0.37906137184115524, 0.37906137184115524, 0.37184115523465705, 0.36823104693140796, 0.37184115523465705, 0.3574007220216607, 0.37906137184115524, 0.4007220216606498, 0.4007220216606498, 0.4259927797833935, 0.4187725631768953, 0.4007220216606498, 0.4259927797833935, 0.3935018050541516, 0.4187725631768953, 0.4259927797833935, 0.4007220216606498, 0.4368231046931408, 0.4151624548736462, 0.41155234657039713, 0.4368231046931408, 0.4007220216606498, 0.40794223826714804, 0.4187725631768953, 0.44404332129963897, 0.44765342960288806, 0.4296028880866426, 0.4223826714801444, 0.4043321299638989, 0.4548736462093863, 0.4404332129963899, 0.45126353790613716, 0.44765342960288806, 0.44404332129963897, 0.44765342960288806, 0.4332129963898917, 0.45126353790613716, 0.4404332129963899, 0.4332129963898917, 0.44404332129963897, 0.45126353790613716, 0.44404332129963897, 0.4404332129963899, 0.45126353790613716, 0.4368231046931408], "best_val_accuracy": 0.4548736462093863}