{"train_accuracies": [0.0052863436123348016, 0.022026431718061675, 0.07929515418502203, 0.15594713656387665, 0.32599118942731276, 0.5215859030837005, 0.694273127753304, 0.8193832599118943, 0.8669603524229075, 0.9242290748898678, 0.9154185022026432, 0.9577092511013215, 0.9674008810572687, 0.9718061674008811, 0.9770925110132158, 0.973568281938326, 0.9814977973568282, 0.986784140969163, 0.9726872246696036, 0.9779735682819384, 0.9894273127753304, 0.9903083700440528, 0.9859030837004406, 0.9823788546255506, 0.9823788546255506, 0.9770925110132158, 0.9876651982378855, 0.9929515418502203, 0.9894273127753304, 0.9982378854625551, 0.9982378854625551, 0.9982378854625551, 0.9991189427312775, 1.0, 1.0, 1.0, 0.9982378854625551, 1.0, 0.9991189427312775, 1.0, 1.0, 1.0, 0.9991189427312775, 0.9982378854625551, 0.9982378854625551, 1.0, 0.9973568281938326, 1.0, 0.9982378854625551, 0.9991189427312775, 0.9991189427312775, 1.0, 1.0], "val_accuracies": [0.014084507042253521, 0.03169014084507042, 0.045774647887323945, 0.12323943661971831, 0.2007042253521127, 0.20422535211267606, 0.31338028169014087, 0.34507042253521125, 0.4225352112676056, 0.4119718309859155, 0.44366197183098594, 0.43309859154929575, 0.47183098591549294, 0.46830985915492956, 0.4753521126760563, 0.47183098591549294, 0.45422535211267606, 0.44366197183098594, 0.4647887323943662, 0.4119718309859155, 0.4788732394366197, 0.4823943661971831, 0.45774647887323944, 0.4753521126760563, 0.38380281690140844, 0.4154929577464789, 0.45422535211267606, 0.4612676056338028, 0.5176056338028169, 0.5140845070422535, 0.5140845070422535, 0.5176056338028169, 0.5105633802816901, 0.5316901408450704, 0.5140845070422535, 0.5422535211267606, 0.5211267605633803, 0.528169014084507, 0.5176056338028169, 0.5352112676056338, 0.5352112676056338, 0.5316901408450704, 0.5669014084507042, 0.5563380281690141, 0.5387323943661971, 0.5563380281690141, 0.545774647887324, 0.5669014084507042, 0.5387323943661971, 0.545774647887324, 0.5528169014084507, 0.5140845070422535, 0.5211267605633803]}