{"train_accuracies": [0.0017006802721088435, 0.015306122448979591, 0.03741496598639456, 0.06292517006802721, 0.14540816326530612, 0.24149659863945577, 0.3520408163265306, 0.5051020408163265, 0.6275510204081632, 0.7695578231292517, 0.8341836734693877, 0.8852040816326531, 0.9217687074829932, 0.9370748299319728, 0.9617346938775511, 0.9608843537414966, 0.9761904761904762, 0.9710884353741497, 0.9710884353741497, 0.9804421768707483, 0.9736394557823129, 0.9710884353741497, 0.9846938775510204, 0.9668367346938775, 0.9710884353741497, 0.9872448979591837, 0.9957482993197279, 0.9923469387755102, 0.9931972789115646, 1.0, 0.9940476190476191, 0.9974489795918368, 0.9974489795918368, 1.0, 0.9974489795918368, 0.9991496598639455, 0.9982993197278912, 0.9982993197278912, 1.0, 0.9982993197278912, 0.9982993197278912, 1.0, 0.9982993197278912], "val_accuracies": [0.013605442176870748, 0.027210884353741496, 0.034013605442176874, 0.04421768707482993, 0.09863945578231292, 0.09863945578231292, 0.13945578231292516, 0.1326530612244898, 0.23129251700680273, 0.20068027210884354, 0.25510204081632654, 0.3129251700680272, 0.30952380952380953, 0.282312925170068, 0.336734693877551, 0.3197278911564626, 0.336734693877551, 0.3299319727891156, 0.3469387755102041, 0.3231292517006803, 0.3231292517006803, 0.3231292517006803, 0.3401360544217687, 0.3163265306122449, 0.336734693877551, 0.3945578231292517, 0.37755102040816324, 0.3877551020408163, 0.3741496598639456, 0.3673469387755102, 0.40476190476190477, 0.3979591836734694, 0.41156462585034015, 0.40476190476190477, 0.3979591836734694, 0.4013605442176871, 0.3945578231292517, 0.40476190476190477, 0.391156462585034, 0.40816326530612246, 0.41156462585034015, 0.41156462585034015, 0.40476190476190477]}