{"train_accuracies": [0.0021849963583394027, 0.007283321194464676, 0.010196649672250545, 0.009468317552804079, 0.010196649672250545, 0.010924981791697014, 0.010196649672250545, 0.016023306627822288, 0.01529497450837582, 0.01747997086671522, 0.027676620538965767, 0.03277494537509104, 0.04879825200291333, 0.056081573197378005, 0.06409322651128915, 0.07574654042243263, 0.08302986161689731, 0.11289147851420248, 0.12381646030589949, 0.1412964311726147, 0.1937363437727604, 0.23233794610342315, 0.2629278951201748, 0.29351784413692644, 0.3241077931536781, 0.35761107064821557, 0.40203932993445013, 0.45010924981791695, 0.5134741442097597, 0.5426074289876184, 0.538965768390386, 0.6045156591405682, 0.6219956300072833, 0.6722505462490895, 0.6941005098324836, 0.6671522214129643, 0.729060451565914, 0.7356154406409323, 0.7392571012381646, 0.7654770575382375, 0.7916970138383103, 0.7946103423160962, 0.820830298616169, 0.8113619810633649, 0.8397669337217771, 0.8470502549162418, 0.8667152221412965, 0.8521485797523671, 0.85360524399126, 0.8718135469774217, 0.8681718863801894, 0.8834668608885652, 0.9206117989803351, 0.9359067734887109, 0.9431900946831755, 0.945375091041515, 0.9592134013109979, 0.9606700655498908, 0.9592134013109979, 0.9715950473415877, 0.9635833940276766, 0.9723233794610342, 0.9679533867443554, 0.9613983976693372, 0.9701383831026948, 0.9737800436999272, 0.9715950473415877, 0.9788783685360525, 0.9781500364166059, 0.9723233794610342, 0.9825200291332847, 0.9752367079388201, 0.9672250546249089, 0.9672250546249089, 0.9810633648943918, 0.9788783685360525, 0.9817916970138383, 0.9737800436999272, 0.9810633648943918, 0.9810633648943918, 0.9854333576110706, 0.9832483612527313, 0.9730517115804806, 0.9854333576110706, 0.9839766933721777, 0.9796067006554989], "test_accuracies": [0.010416666666666666, 0.006944444444444444, 0.010416666666666666, 0.009548611111111112, 0.010416666666666666, 0.013888888888888888, 0.015625, 0.024305555555555556, 0.026041666666666668, 0.026041666666666668, 0.022569444444444444, 0.04861111111111111, 0.04513888888888889, 0.057291666666666664, 0.0685763888888889, 0.0859375, 0.0876736111111111, 0.11371527777777778, 0.1371527777777778, 0.1232638888888889, 0.1701388888888889, 0.1527777777777778, 0.2309027777777778, 0.17447916666666666, 0.2838541666666667, 0.2760416666666667, 0.2890625, 0.3671875, 0.3333333333333333, 0.3203125, 0.3914930555555556, 0.4166666666666667, 0.4322916666666667, 0.4461805555555556, 0.3784722222222222, 0.3975694444444444, 0.4522569444444444, 0.4765625, 0.4157986111111111, 0.4852430555555556, 0.4791666666666667, 0.4826388888888889, 0.5034722222222222, 0.4626736111111111, 0.4817708333333333, 0.5260416666666666, 0.4574652777777778, 0.4809027777777778, 0.5026041666666666, 0.4939236111111111, 0.4782986111111111, 0.5017361111111112, 0.5529513888888888, 0.5668402777777778, 0.5659722222222222, 0.5720486111111112, 0.5755208333333334, 0.5720486111111112, 0.5772569444444444, 0.5789930555555556, 0.5763888888888888, 0.5911458333333334, 0.5842013888888888, 0.5833333333333334, 0.5911458333333334, 0.5980902777777778, 0.5902777777777778, 0.5920138888888888, 0.59375, 0.5972222222222222, 0.6024305555555556, 0.5954861111111112, 0.5972222222222222, 0.5920138888888888, 0.5954861111111112, 0.5911458333333334, 0.5850694444444444, 0.5885416666666666, 0.5876736111111112, 0.5894097222222222, 0.5911458333333334, 0.5868055555555556, 0.5842013888888888, 0.59375, 0.5894097222222222, 0.5833333333333334], "best_test_accuracy": 0.6024305555555556}