{"train_accuracies": [0.005952380952380952, 0.01020408163265306, 0.012755102040816327, 0.015306122448979591, 0.013605442176870748, 0.017006802721088437, 0.021258503401360544, 0.030612244897959183, 0.03316326530612245, 0.04846938775510204, 0.05952380952380952, 0.0824829931972789, 0.11819727891156463, 0.13945578231292516, 0.16921768707482993, 0.23214285714285715, 0.2967687074829932, 0.35374149659863946, 0.42346938775510207, 0.4651360544217687, 0.5518707482993197, 0.564625850340136, 0.6445578231292517, 0.6930272108843537, 0.7414965986394558, 0.7916666666666666, 0.8069727891156463, 0.8418367346938775, 0.8622448979591837, 0.8843537414965986, 0.8707482993197279, 0.9319727891156463, 0.9549319727891157, 0.9625850340136054, 0.967687074829932, 0.9736394557823129, 0.9744897959183674, 0.9812925170068028, 0.9855442176870748, 0.9821428571428571, 0.9744897959183674, 0.9872448979591837, 0.9829931972789115, 0.9880952380952381, 0.9846938775510204, 0.983843537414966, 0.983843537414966, 0.9812925170068028, 0.9821428571428571, 0.9855442176870748, 0.9897959183673469, 0.9846938775510204, 0.9821428571428571, 0.983843537414966, 0.9846938775510204, 0.9872448979591837, 0.9889455782312925, 0.9812925170068028, 0.9889455782312925, 0.9914965986394558, 0.9897959183673469, 0.9821428571428571, 0.9880952380952381, 0.9821428571428571, 0.9897959183673469, 0.983843537414966, 0.9906462585034014, 0.9863945578231292, 0.9855442176870748, 0.9863945578231292, 0.9880952380952381, 0.9863945578231292, 0.9880952380952381, 0.9914965986394558, 0.9812925170068028, 0.9897959183673469, 0.9889455782312925, 0.9880952380952381, 0.9897959183673469, 0.9846938775510204, 0.9795918367346939, 0.9829931972789115, 0.9906462585034014, 0.9872448979591837, 0.9863945578231292, 0.9855442176870748, 0.9846938775510204, 0.9821428571428571], "val_accuracies": [0.0, 0.01020408163265306, 0.01020408163265306, 0.013605442176870748, 0.006802721088435374, 0.013605442176870748, 0.013605442176870748, 0.013605442176870748, 0.034013605442176874, 0.04081632653061224, 0.04081632653061224, 0.05782312925170068, 0.08163265306122448, 0.08163265306122448, 0.0782312925170068, 0.1326530612244898, 0.22108843537414966, 0.14965986394557823, 0.24489795918367346, 0.23809523809523808, 0.23809523809523808, 0.2619047619047619, 0.2755102040816326, 0.30612244897959184, 0.36394557823129253, 0.3231292517006803, 0.3197278911564626, 0.35034013605442177, 0.3469387755102041, 0.35034013605442177, 0.3333333333333333, 0.4013605442176871, 0.41836734693877553, 0.41496598639455784, 0.4489795918367347, 0.41836734693877553, 0.43197278911564624, 0.4421768707482993, 0.4387755102040816, 0.43197278911564624, 0.4217687074829932, 0.43197278911564624, 0.42857142857142855, 0.41496598639455784, 0.4421768707482993, 0.45918367346938777, 0.4523809523809524, 0.445578231292517, 0.45918367346938777, 0.4387755102040816, 0.4523809523809524, 0.4523809523809524, 0.43537414965986393, 0.4523809523809524, 0.43537414965986393, 0.445578231292517, 0.4489795918367347, 0.46598639455782315, 0.43537414965986393, 0.45918367346938777, 0.41496598639455784, 0.42857142857142855, 0.4489795918367347, 0.4387755102040816, 0.43537414965986393, 0.4557823129251701, 0.4489795918367347, 0.4421768707482993, 0.445578231292517, 0.4489795918367347, 0.445578231292517, 0.43197278911564624, 0.46938775510204084, 0.4557823129251701, 0.4421768707482993, 0.43537414965986393, 0.4557823129251701, 0.4387755102040816, 0.445578231292517, 0.42857142857142855, 0.42857142857142855, 0.43197278911564624, 0.4489795918367347, 0.45918367346938777, 0.43537414965986393, 0.4557823129251701, 0.445578231292517, 0.4489795918367347], "best_val_accuracy": 0.46938775510204084}