{"train_accuracies": [0.003639672429481347, 0.0018198362147406734, 0.003639672429481347, 0.00545950864422202, 0.00545950864422202, 0.00818926296633303, 0.011828935395814377, 0.017288444040036398, 0.011828935395814377, 0.03002729754322111, 0.036396724294813464, 0.0545950864422202, 0.06824385805277525, 0.09827115559599636, 0.12465878070973613, 0.14558689717925385, 0.20382165605095542, 0.2502274795268426, 0.29208371246587805, 0.34303912647861695, 0.39854413102820746, 0.451319381255687, 0.5077343039126478, 0.5532302092811647, 0.5987261146496815, 0.6369426751592356, 0.6888080072793449, 0.7033666969972703, 0.7716105550500455, 0.7688808007279345, 0.8070973612374887, 0.835304822565969, 0.8789808917197452, 0.8844404003639672, 0.8753412192902639, 0.9153776160145587, 0.9290263876251137, 0.9235668789808917, 0.9153776160145587, 0.9317561419472248, 0.9062784349408554, 0.9272065514103731, 0.9317561419472248, 0.9490445859872612, 0.9708826205641492, 0.9790718835304822, 0.9827115559599636, 0.9836214740673339, 0.989080982711556, 0.9845313921747043, 0.9909008189262967, 0.9909008189262967, 0.9899909008189263, 0.9927206551410374, 0.997270245677889, 0.9954504094631483, 0.9936305732484076, 0.9954504094631483, 0.9936305732484076, 0.9936305732484076, 0.9963603275705186, 0.9927206551410374, 0.9927206551410374, 0.9899909008189263, 0.9909008189262967, 0.9927206551410374, 0.9936305732484076, 0.991810737033667, 0.9954504094631483, 0.9909008189262967, 0.9963603275705186, 0.9927206551410374, 0.9936305732484076, 0.9927206551410374, 0.9936305732484076, 0.9963603275705186, 0.9899909008189263, 0.9899909008189263, 0.9954504094631483, 0.997270245677889, 0.9963603275705186, 0.9927206551410374, 0.9936305732484076, 0.9927206551410374, 0.9945404913557779, 0.9899909008189263, 0.9936305732484076, 0.9945404913557779, 0.991810737033667, 0.991810737033667, 0.9936305732484076, 0.9936305732484076, 0.991810737033667, 0.9927206551410374], "val_accuracies": [0.0, 0.0, 0.0, 0.0, 0.0, 0.0036363636363636364, 0.007272727272727273, 0.0036363636363636364, 0.0, 0.01818181818181818, 0.01090909090909091, 0.02909090909090909, 0.03272727272727273, 0.03636363636363636, 0.07636363636363637, 0.08363636363636363, 0.06909090909090909, 0.11272727272727273, 0.10909090909090909, 0.13818181818181818, 0.10545454545454545, 0.14909090909090908, 0.13454545454545455, 0.14909090909090908, 0.14909090909090908, 0.16, 0.2, 0.19272727272727272, 0.2290909090909091, 0.16, 0.2290909090909091, 0.2109090909090909, 0.22545454545454546, 0.2, 0.24, 0.22181818181818183, 0.2545454545454545, 0.2727272727272727, 0.2290909090909091, 0.2290909090909091, 0.24, 0.24363636363636362, 0.24, 0.2545454545454545, 0.28363636363636363, 0.2690909090909091, 0.2690909090909091, 0.3090909090909091, 0.3054545454545455, 0.31636363636363635, 0.2909090909090909, 0.2872727272727273, 0.28363636363636363, 0.29454545454545455, 0.31636363636363635, 0.3054545454545455, 0.3090909090909091, 0.32727272727272727, 0.29818181818181816, 0.32, 0.2909090909090909, 0.31272727272727274, 0.3090909090909091, 0.31272727272727274, 0.33090909090909093, 0.29818181818181816, 0.29454545454545455, 0.2727272727272727, 0.32727272727272727, 0.33090909090909093, 0.31272727272727274, 0.31636363636363635, 0.31636363636363635, 0.3090909090909091, 0.3054545454545455, 0.3054545454545455, 0.3090909090909091, 0.3090909090909091, 0.33454545454545453, 0.3018181818181818, 0.31272727272727274, 0.3236363636363636, 0.3054545454545455, 0.2909090909090909, 0.31636363636363635, 0.32, 0.3018181818181818, 0.31272727272727274, 0.29454545454545455, 0.31272727272727274, 0.32, 0.32, 0.32, 0.2909090909090909], "best_val_accuracy": 0.33454545454545453}