{"train_accuracies": [0.005442176870748299, 0.012244897959183673, 0.014965986394557823, 0.011564625850340135, 0.017687074829931974, 0.02857142857142857, 0.03945578231292517, 0.06326530612244897, 0.09727891156462586, 0.1489795918367347, 0.20748299319727892, 0.2870748299319728, 0.35918367346938773, 0.42653061224489797, 0.5047619047619047, 0.5782312925170068, 0.6605442176870748, 0.672108843537415, 0.7605442176870748, 0.7755102040816326, 0.8306122448979592, 0.8442176870748299, 0.8721088435374149, 0.8727891156462585, 0.8993197278911564, 0.9074829931972789, 0.9231292517006803, 0.9360544217687075, 0.9285714285714286, 0.927891156462585, 0.9462585034013605, 0.9503401360544218, 0.9530612244897959, 0.963265306122449, 0.9571428571428572, 0.9659863945578231, 0.9714285714285714, 0.9666666666666667, 0.9598639455782313, 0.9598639455782313, 0.9782312925170068, 0.9755102040816327, 0.991156462585034, 0.9918367346938776, 0.9918367346938776, 0.9931972789115646, 0.9938775510204082, 0.9931972789115646, 0.9959183673469387, 0.9945578231292517, 0.9979591836734694, 0.9993197278911564, 0.9965986394557823, 0.9979591836734694, 0.9979591836734694, 0.9979591836734694, 0.998639455782313, 0.9993197278911564, 0.9993197278911564, 0.998639455782313, 0.9972789115646259, 0.9965986394557823, 0.9979591836734694, 0.9979591836734694, 0.998639455782313, 0.9993197278911564, 0.998639455782313, 1.0, 0.998639455782313, 1.0, 0.9993197278911564, 0.9979591836734694, 0.998639455782313, 0.9993197278911564, 0.998639455782313, 0.998639455782313, 0.9993197278911564, 1.0, 1.0, 0.9993197278911564, 0.9993197278911564, 0.998639455782313, 0.9993197278911564, 0.9993197278911564, 0.998639455782313, 0.9979591836734694, 0.9993197278911564, 0.9972789115646259, 0.9993197278911564, 1.0, 1.0, 0.998639455782313, 0.9979591836734694, 0.9965986394557823, 1.0, 0.9993197278911564, 0.998639455782313, 0.9993197278911564], "test_accuracies": [0.012038523274478331, 0.014446227929373997, 0.018459069020866775, 0.018459069020866775, 0.020064205457463884, 0.044141252006420544, 0.06821829855537721, 0.09149277688603531, 0.11717495987158909, 0.17656500802568217, 0.21348314606741572, 0.2784911717495987, 0.29935794542536115, 0.36035313001605135, 0.3852327447833066, 0.47191011235955055, 0.46709470304975925, 0.5040128410914928, 0.543338683788122, 0.5457463884430177, 0.5345104333868379, 0.5553772070626003, 0.5971107544141252, 0.5802568218298555, 0.608346709470305, 0.6003210272873194, 0.6211878009630819, 0.6035313001605136, 0.5971107544141252, 0.6211878009630819, 0.5914927768860353, 0.557784911717496, 0.6332263242375602, 0.6308186195826645, 0.6492776886035313, 0.6219903691813804, 0.6492776886035313, 0.579454253611557, 0.6356340288924559, 0.6163723916532905, 0.6195826645264848, 0.6773675762439807, 0.6757624398073836, 0.6853932584269663, 0.6902086677367576, 0.6910112359550562, 0.6918138041733547, 0.687800963081862, 0.6910112359550562, 0.6926163723916533, 0.6829855537720706, 0.6886035313001605, 0.6966292134831461, 0.6861958266452648, 0.6958266452648475, 0.6958266452648475, 0.6958266452648475, 0.695024077046549, 0.6990369181380417, 0.6958266452648475, 0.6934189406099518, 0.7006420545746388, 0.7030497592295345, 0.7046548956661316, 0.7038523274478331, 0.7070626003210273, 0.7070626003210273, 0.7102728731942215, 0.7006420545746388, 0.7038523274478331, 0.7038523274478331, 0.702247191011236, 0.7046548956661316, 0.702247191011236, 0.7070626003210273, 0.7054574638844302, 0.7054574638844302, 0.7046548956661316, 0.7030497592295345, 0.7014446227929374, 0.7030497592295345, 0.7006420545746388, 0.7110754414125201, 0.7086677367576244, 0.7030497592295345, 0.7046548956661316, 0.7046548956661316, 0.702247191011236, 0.7078651685393258, 0.7038523274478331, 0.6998394863563403, 0.702247191011236, 0.7038523274478331, 0.7046548956661316, 0.702247191011236, 0.702247191011236, 0.7006420545746388, 0.7070626003210273], "best_test_accuracy": 0.7110754414125201}