{"train_accuracies": [0.0018198362147406734, 0.01910828025477707, 0.07097361237488627, 0.1610555050045496, 0.3130118289353958, 0.41856232939035487, 0.4103730664240218, 0.4313011828935396, 0.5377616014558689, 0.6205641492265697, 0.6060054595086443, 0.5113739763421292, 0.607825295723385, 0.5313921747042766, 0.5368516833484986, 0.5250227479526842, 0.48316651501364877, 0.5368516833484986, 0.4658780709736124, 0.4640582347588717, 0.5341219290263877, 0.5222929936305732, 0.3821656050955414, 0.4813466787989081, 0.5222929936305732, 0.5559599636032757, 0.5759781619654231, 0.49772520473157417, 0.5532302092811647, 0.6005459508644222, 0.47042766151046406, 0.5068243858052776, 0.46860782529572337, 0.626933575978162, 0.44494995450409464, 0.44040036396724297, 0.5031847133757962, 0.6560509554140127, 0.49954504094631486, 0.5277525022747953, 0.618744313011829, 0.5677888989990901, 0.6032757051865332, 0.4986351228389445, 0.545950864422202, 0.5341219290263877, 0.41128298453139217, 0.5395814376706096, 0.4549590536851683, 0.456778889899909, 0.5850773430391265, 0.48771610555050043, 0.44131028207461326], "val_accuracies": [0.01090909090909091, 0.04, 0.06545454545454546, 0.13090909090909092, 0.20727272727272728, 0.23636363636363636, 0.27636363636363637, 0.28, 0.32727272727272727, 0.33090909090909093, 0.33454545454545453, 0.36727272727272725, 0.33090909090909093, 0.33090909090909093, 0.3236363636363636, 0.33454545454545453, 0.36363636363636365, 0.37454545454545457, 0.36727272727272725, 0.37454545454545457, 0.4, 0.38181818181818183, 0.36363636363636365, 0.3781818181818182, 0.37454545454545457, 0.3927272727272727, 0.39636363636363636, 0.4036363636363636, 0.41818181818181815, 0.4036363636363636, 0.4072727272727273, 0.4, 0.39636363636363636, 0.4036363636363636, 0.3781818181818182, 0.4036363636363636, 0.4036363636363636, 0.44363636363636366, 0.4, 0.3927272727272727, 0.4218181818181818, 0.4, 0.3927272727272727, 0.41454545454545455, 0.41818181818181815, 0.41818181818181815, 0.43272727272727274, 0.3927272727272727, 0.4109090909090909, 0.4290909090909091, 0.41454545454545455, 0.3781818181818182, 0.43636363636363634], "best_val_accuracy": 0.44363636363636366}