{"train_accuracies": [0.002894356005788712, 0.00723589001447178, 0.005065123010130246, 0.01447178002894356, 0.027496382054992764, 0.05788712011577424, 0.09623733719247468, 0.18017366136034732, 0.26049204052098407, 0.32706222865412443, 0.4081041968162084, 0.5137481910274964, 0.5586107091172214, 0.6092619392185239, 0.6808972503617945, 0.7424023154848046, 0.776410998552822, 0.8140376266280752, 0.8386396526772794, 0.8531114327062229, 0.8154848046309696, 0.8198263386396527, 0.8784370477568741, 0.9052098408104197, 0.9059334298118669, 0.9167872648335745, 0.9211287988422576, 0.9298118668596237, 0.9399421128798843, 0.9717800289435601, 0.9826338639652678, 0.9862518089725036, 0.983357452966715, 0.9913169319826338, 0.9949348769898697, 0.992040520984081, 0.9949348769898697, 0.992040520984081, 0.9978292329956585, 0.9949348769898697, 0.9949348769898697, 0.9942112879884226, 0.9985528219971056, 0.9971056439942113, 0.9949348769898697, 0.9956584659913169, 0.9971056439942113, 0.9978292329956585, 0.9971056439942113, 0.9949348769898697, 0.9985528219971056, 0.9971056439942113, 0.9978292329956585], "test_accuracies": [0.009433962264150943, 0.007718696397941681, 0.018867924528301886, 0.025728987993138937, 0.04888507718696398, 0.08490566037735849, 0.17495711835334476, 0.22126929674099485, 0.2564322469982847, 0.3644939965694683, 0.3996569468267582, 0.47427101200686106, 0.4614065180102916, 0.5308747855917667, 0.5274442538593482, 0.5497427101200686, 0.5771869639794168, 0.5437392795883362, 0.5737564322469982, 0.5797598627787307, 0.5754716981132075, 0.5154373927958834, 0.6132075471698113, 0.6012006861063465, 0.6020583190394511, 0.5866209262435678, 0.5943396226415094, 0.5917667238421955, 0.6046312178387651, 0.6483704974271012, 0.6552315608919382, 0.6586620926243568, 0.6620926243567753, 0.6680960548885078, 0.6698113207547169, 0.6672384219554031, 0.6680960548885078, 0.6758147512864494, 0.6698113207547169, 0.6732418524871355, 0.6732418524871355, 0.6715265866209262, 0.6689536878216124, 0.6629502572898799, 0.6689536878216124, 0.6715265866209262, 0.6732418524871355, 0.6680960548885078, 0.6689536878216124, 0.6680960548885078, 0.6706689536878216, 0.6698113207547169, 0.6715265866209262], "best_test_accuracy": 0.6758147512864494}