{"train_accuracies": [0.0076481835564053535, 0.017208413001912046, 0.0372848948374761, 0.09082217973231357, 0.1864244741873805, 0.32217973231357555, 0.5066921606118547, 0.6462715105162524, 0.7791586998087954, 0.8489483747609943, 0.890057361376673, 0.9273422562141491, 0.9445506692160612, 0.9397705544933078, 0.9531548757170172, 0.9617590822179732, 0.9741873804971319, 0.9799235181644359, 0.9780114722753346, 0.9780114722753346, 0.9799235181644359, 0.9847036328871893, 0.9732313575525813, 0.9866156787762906], "val_accuracies": [0.0, 0.003816793893129771, 0.022900763358778626, 0.030534351145038167, 0.03816793893129771, 0.0648854961832061, 0.08778625954198473, 0.13358778625954199, 0.1450381679389313, 0.16412213740458015, 0.12595419847328243, 0.19083969465648856, 0.16793893129770993, 0.16030534351145037, 0.21755725190839695, 0.22137404580152673, 0.21755725190839695, 0.21374045801526717, 0.22519083969465647, 0.17557251908396945, 0.22519083969465647, 0.183206106870229, 0.20229007633587787, 0.21374045801526717], "best_val_accuracy": 0.22519083969465647}