{"train_accuracies": [0.014558689717925387, 0.056414922656960874, 0.13739763421292084, 0.2775250227479527, 0.5259326660600546, 0.7042766151046406, 0.8143767060964513, 0.8935395814376706, 0.9153776160145587, 0.9363057324840764, 0.9426751592356688, 0.9645131938125568, 0.9690627843494085, 0.9690627843494085, 0.9736123748862603, 0.9690627843494085, 0.9772520473157416, 0.9690627843494085, 0.9727024567788899], "val_accuracies": [0.01090909090909091, 0.04, 0.04727272727272727, 0.14181818181818182, 0.2, 0.26545454545454544, 0.28363636363636363, 0.26181818181818184, 0.3054545454545455, 0.3054545454545455, 0.33090909090909093, 0.34545454545454546, 0.31272727272727274, 0.3490909090909091, 0.33454545454545453, 0.3236363636363636, 0.3054545454545455, 0.3018181818181818, 0.28], "best_val_accuracy": 0.3490909090909091}