{"train_accuracies": [0.004366812227074236, 0.008733624454148471, 0.00363901018922853, 0.008733624454148471, 0.00727802037845706, 0.005822416302765648, 0.00727802037845706, 0.008733624454148471, 0.010189228529839884, 0.011644832605531296, 0.010189228529839884, 0.020378457059679767, 0.026200873362445413, 0.03056768558951965, 0.03056768558951965, 0.05021834061135371, 0.05822416302765648, 0.0735080058224163, 0.09315866084425037, 0.10844250363901019, 0.12518195050946143, 0.14847161572052403, 0.21033478893740903, 0.23871906841339155, 0.2765647743813683, 0.3071324599708879, 0.3609898107714702, 0.37700145560407566, 0.4519650655021834, 0.4912663755458515, 0.5385735080058224, 0.5567685589519651, 0.586608442503639, 0.6266375545851528, 0.6637554585152838, 0.7190684133915575, 0.7532751091703057, 0.7743813682678311, 0.777292576419214, 0.8129548762736536, 0.8129548762736536, 0.8573508005822417, 0.8529839883551674, 0.8864628820960698, 0.8806404657933042, 0.8944687045123726, 0.9272197962154294, 0.9221251819505094, 0.9148471615720524, 0.9199417758369723, 0.9155749636098981, 0.950509461426492, 0.9687045123726347, 0.9781659388646288, 0.9694323144104804, 0.9672489082969432, 0.9839883551673945, 0.9934497816593887, 0.987627365356623, 0.9861717612809315, 0.9861717612809315, 0.9810771470160117, 0.9883551673944687, 0.9883551673944687, 0.99490538573508, 0.9912663755458515, 0.9934497816593887, 0.9956331877729258, 0.9883551673944687, 0.9861717612809315, 0.9898107714701602, 0.987627365356623, 0.9861717612809315, 0.9956331877729258, 0.9898107714701602, 0.9941775836972343, 0.99490538573508, 0.992721979621543, 0.9839883551673945, 0.9912663755458515, 0.9985443959243085, 0.9912663755458515, 0.9934497816593887, 0.9890829694323144, 0.9898107714701602, 0.9919941775836972, 0.9919941775836972, 0.9934497816593887, 0.9919941775836972, 0.9963609898107715, 0.9956331877729258, 0.9861717612809315, 0.9956331877729258, 0.992721979621543, 0.9970887918486172, 0.9898107714701602, 0.9890829694323144, 0.9854439592430859, 0.9868995633187773, 0.9890829694323144], "test_accuracies": [0.009490940465918895, 0.008628127696289905, 0.009490940465918895, 0.009490940465918895, 0.009490940465918895, 0.012079378774805867, 0.007765314926660914, 0.012079378774805867, 0.015530629853321829, 0.014667817083692839, 0.013805004314063849, 0.01725625539257981, 0.012942191544434857, 0.03451251078515962, 0.04141501294219154, 0.023295944779982744, 0.0457290767903365, 0.06816220880069025, 0.06816220880069025, 0.08369283865401209, 0.08800690250215704, 0.09749784296807593, 0.09318377911993098, 0.11734253666954271, 0.13459879206212252, 0.08800690250215704, 0.17860224331320104, 0.1742881794650561, 0.20966350301984468, 0.20621225194132872, 0.19499568593615185, 0.20621225194132872, 0.21225194132873165, 0.24331320103537532, 0.23382226056945643, 0.272648835202761, 0.2459016393442623, 0.27523727351164795, 0.28645383951682485, 0.2907679033649698, 0.25194132873166525, 0.2830025884383089, 0.31320103537532357, 0.27955133735979293, 0.3252804141501294, 0.2640207075064711, 0.3071613459879206, 0.3175150992234685, 0.2942191544434858, 0.30629853321829165, 0.31924072476272647, 0.3373597929249353, 0.34943917169974115, 0.3554788610871441, 0.35806729939603105, 0.363244176013805, 0.359792924935289, 0.36755823986194996, 0.3546160483175151, 0.36065573770491804, 0.363244176013805, 0.3710094909404659, 0.361518550474547, 0.3718723037100949, 0.365832614322692, 0.36496980155306297, 0.36928386540120794, 0.365832614322692, 0.361518550474547, 0.3701466781708369, 0.36669542709232095, 0.363244176013805, 0.36755823986194996, 0.3701466781708369, 0.36928386540120794, 0.363244176013805, 0.364106988783434, 0.37532355478861085, 0.36928386540120794, 0.3684210526315789, 0.3718723037100949, 0.3744607420189819, 0.36755823986194996, 0.36496980155306297, 0.37359792924935287, 0.365832614322692, 0.36669542709232095, 0.37359792924935287, 0.37618636755823986, 0.364106988783434, 0.37359792924935287, 0.3710094909404659, 0.36669542709232095, 0.36496980155306297, 0.3710094909404659, 0.3710094909404659, 0.3684210526315789, 0.3744607420189819, 0.37618636755823986, 0.36065573770491804], "best_test_accuracy": 0.37618636755823986}