{"train_accuracies": [0.002551020408163265, 0.026360544217687076, 0.05442176870748299, 0.12414965986394558, 0.2534013605442177, 0.4268707482993197, 0.6020408163265306, 0.7551020408163265, 0.8554421768707483, 0.8826530612244898, 0.9030612244897959, 0.9532312925170068, 0.9608843537414966, 0.9625850340136054, 0.9761904761904762, 0.9727891156462585, 0.9702380952380952], "val_accuracies": [0.013605442176870748, 0.01020408163265306, 0.023809523809523808, 0.06462585034013606, 0.11564625850340136, 0.14625850340136054, 0.16326530612244897, 0.17006802721088435, 0.25510204081632654, 0.30272108843537415, 0.2755102040816326, 0.3333333333333333, 0.2619047619047619, 0.32653061224489793, 0.2585034013605442, 0.3129251700680272, 0.30272108843537415], "best_val_accuracy": 0.3333333333333333}