{"train_accuracies": [0.0038240917782026767, 0.0076481835564053535, 0.0076481835564053535, 0.008604206500956023, 0.010516252390057362, 0.015296367112810707, 0.021032504780114723, 0.017208413001912046, 0.040152963671128104, 0.04875717017208413, 0.06787762906309751, 0.13766730401529637, 0.13479923518164436, 0.15487571701720843, 0.1739961759082218, 0.20650095602294455, 0.2198852772466539, 0.23135755258126195, 0.27151051625239003, 0.3030592734225621, 0.3202676864244742, 0.36424474187380496, 0.39579349904397704, 0.4321223709369025, 0.4837476099426386, 0.5210325047801148, 0.5449330783938815, 0.5965583173996176, 0.6472275334608031, 0.6806883365200764, 0.7351816443594646, 0.7466539196940727, 0.8049713193116634, 0.8250478011472275, 0.8403441682600382, 0.8508604206500956, 0.8948374760994264, 0.8891013384321224, 0.9388145315487572, 0.9378585086042065, 0.9474187380497132, 0.9617590822179732, 0.9560229445506692, 0.9694072657743786, 0.9732313575525813, 0.9760994263862333, 0.9866156787762906, 0.9741873804971319, 0.9789674952198852, 0.9894837476099426, 0.988527724665392, 0.9894837476099426, 0.9913957934990439, 0.9894837476099426, 0.994263862332696, 0.9952198852772467, 0.9933078393881453, 0.9904397705544933, 0.9952198852772467, 0.994263862332696, 0.997131931166348, 0.9961759082217974, 0.997131931166348, 0.9961759082217974, 0.9990439770554493, 1.0, 0.9980879541108987, 0.9990439770554493, 0.9990439770554493, 0.9980879541108987, 0.997131931166348, 1.0, 1.0, 0.9980879541108987, 0.9961759082217974, 0.9990439770554493, 0.9990439770554493, 1.0, 0.9980879541108987, 1.0, 0.9990439770554493, 1.0, 0.9990439770554493, 0.997131931166348, 0.9990439770554493, 0.9961759082217974, 0.9990439770554493, 0.9990439770554493, 1.0], "val_accuracies": [0.0, 0.003816793893129771, 0.0, 0.0, 0.007633587786259542, 0.007633587786259542, 0.0, 0.003816793893129771, 0.003816793893129771, 0.003816793893129771, 0.003816793893129771, 0.015267175572519083, 0.022900763358778626, 0.022900763358778626, 0.03816793893129771, 0.03816793893129771, 0.03816793893129771, 0.05725190839694656, 0.04961832061068702, 0.05343511450381679, 0.061068702290076333, 0.0648854961832061, 0.0648854961832061, 0.061068702290076333, 0.0648854961832061, 0.0916030534351145, 0.10687022900763359, 0.09541984732824428, 0.11450381679389313, 0.08778625954198473, 0.12213740458015267, 0.10305343511450382, 0.14885496183206107, 0.1297709923664122, 0.12213740458015267, 0.17938931297709923, 0.16030534351145037, 0.20229007633587787, 0.18702290076335878, 0.17938931297709923, 0.17938931297709923, 0.2099236641221374, 0.21755725190839695, 0.19083969465648856, 0.22900763358778625, 0.1946564885496183, 0.2099236641221374, 0.21755725190839695, 0.24427480916030533, 0.22900763358778625, 0.25190839694656486, 0.25572519083969464, 0.2366412213740458, 0.2633587786259542, 0.22900763358778625, 0.2480916030534351, 0.25190839694656486, 0.24427480916030533, 0.2366412213740458, 0.22137404580152673, 0.23282442748091603, 0.2595419847328244, 0.2480916030534351, 0.26717557251908397, 0.2366412213740458, 0.27099236641221375, 0.2748091603053435, 0.25190839694656486, 0.2595419847328244, 0.24045801526717558, 0.25190839694656486, 0.2480916030534351, 0.2633587786259542, 0.2862595419847328, 0.2480916030534351, 0.2366412213740458, 0.24427480916030533, 0.24427480916030533, 0.2633587786259542, 0.26717557251908397, 0.2595419847328244, 0.26717557251908397, 0.27099236641221375, 0.27099236641221375, 0.2595419847328244, 0.26717557251908397, 0.26717557251908397, 0.27099236641221375, 0.26717557251908397], "best_val_accuracy": 0.2862595419847328}