{"train_accuracies": [0.003524229074889868, 0.014096916299559472, 0.08458149779735682, 0.23259911894273128, 0.37092511013215856, 0.3991189427312775, 0.533920704845815, 0.4669603524229075, 0.4889867841409692, 0.42466960352422906, 0.5251101321585903, 0.4211453744493392, 0.507488986784141, 0.5770925110132159, 0.5110132158590308, 0.5682819383259912, 0.5638766519823789, 0.5744493392070484, 0.5418502202643172, 0.573568281938326, 0.27841409691629954, 0.5004405286343613, 0.586784140969163, 0.5665198237885463, 0.3788546255506608, 0.5656387665198238, 0.5524229074889868, 0.5136563876651983, 0.4819383259911894, 0.5964757709251102, 0.37973568281938325, 0.5462555066079295, 0.5894273127753304, 0.4484581497797357, 0.628193832599119, 0.507488986784141, 0.505726872246696, 0.373568281938326, 0.4572687224669604, 0.3629955947136564, 0.41145374449339206, 0.4977973568281938, 0.4960352422907489, 0.5488986784140969, 0.37180616740088107, 0.4748898678414097, 0.5929515418502203, 0.4775330396475771, 0.6255506607929515, 0.5392070484581498], "val_accuracies": [0.007042253521126761, 0.04929577464788732, 0.11619718309859155, 0.22183098591549297, 0.3274647887323944, 0.36619718309859156, 0.426056338028169, 0.45422535211267606, 0.43309859154929575, 0.4612676056338028, 0.4753521126760563, 0.44366197183098594, 0.4225352112676056, 0.45422535211267606, 0.4823943661971831, 0.4788732394366197, 0.5140845070422535, 0.4859154929577465, 0.528169014084507, 0.5176056338028169, 0.4823943661971831, 0.4823943661971831, 0.5035211267605634, 0.49295774647887325, 0.5176056338028169, 0.5140845070422535, 0.5176056338028169, 0.5140845070422535, 0.5, 0.5246478873239436, 0.5316901408450704, 0.5246478873239436, 0.5140845070422535, 0.5246478873239436, 0.5422535211267606, 0.5211267605633803, 0.5105633802816901, 0.5070422535211268, 0.5316901408450704, 0.5316901408450704, 0.5246478873239436, 0.5246478873239436, 0.5316901408450704, 0.5422535211267606, 0.5352112676056338, 0.5422535211267606, 0.5316901408450704, 0.5211267605633803, 0.5176056338028169, 0.5387323943661971], "best_val_accuracy": 0.5422535211267606}