{"train_accuracies": [0.003401360544217687, 0.002551020408163265, 0.007653061224489796, 0.008503401360544218, 0.01020408163265306, 0.011054421768707483, 0.01020408163265306, 0.01020408163265306, 0.011054421768707483, 0.011054421768707483, 0.016156462585034014, 0.01870748299319728, 0.016156462585034014], "val_accuracies": [0.003401360544217687, 0.01020408163265306, 0.017006802721088437, 0.017006802721088437, 0.017006802721088437, 0.017006802721088437, 0.017006802721088437, 0.017006802721088437, 0.017006802721088437, 0.017006802721088437, 0.013605442176870748, 0.017006802721088437, 0.017006802721088437]}