{"train_accuracies": [0.008005822416302766, 0.018195050946142648, 0.06040756914119359, 0.16666666666666666, 0.3500727802037846, 0.5385735080058224, 0.7110625909752547, 0.8296943231441049, 0.883551673944687, 0.9388646288209607, 0.9497816593886463, 0.9577874818049491, 0.9759825327510917, 0.9810771470160117, 0.9687045123726347, 0.9723435225618632, 0.9730713245997089, 0.975254730713246, 0.9818049490538574, 0.9737991266375546, 0.9767103347889374, 0.9839883551673945, 0.9723435225618632, 0.9788937409024745, 0.9745269286754003, 0.9898107714701602, 0.9941775836972343, 0.9970887918486172, 0.9970887918486172, 1.0, 0.9978165938864629, 0.9978165938864629, 1.0, 0.9992721979621543, 0.9985443959243085, 0.9985443959243085, 0.9970887918486172, 1.0, 1.0, 0.9985443959243085, 0.9992721979621543, 0.9992721979621543, 1.0, 0.9992721979621543, 1.0, 1.0, 0.9992721979621543, 0.9992721979621543, 1.0, 0.9992721979621543, 1.0, 1.0, 1.0, 0.9992721979621543, 1.0, 1.0, 1.0, 1.0, 1.0, 0.9992721979621543], "test_accuracies": [0.014667817083692839, 0.01984469370146678, 0.058671268334771355, 0.11130284728213978, 0.1363244176013805, 0.20448662640207074, 0.21484037963761865, 0.30371009490940465, 0.3166522864538395, 0.34167385677308026, 0.29767040552200175, 0.35634167385677307, 0.37791199309749784, 0.38654012079378774, 0.3710094909404659, 0.22950819672131148, 0.3830888697152718, 0.37618636755823986, 0.39775668679896464, 0.2459016393442623, 0.3528904227782571, 0.3908541846419327, 0.36928386540120794, 0.3287316652286454, 0.37618636755823986, 0.4184641932700604, 0.4339948231233822, 0.44089732528041414, 0.44779982743744606, 0.45211389128559104, 0.457290767903365, 0.451251078515962, 0.453839516824849, 0.4598792062122519, 0.45815358067299394, 0.46678170836928384, 0.46074201898188094, 0.4641932700603969, 0.4633304572907679, 0.455565142364107, 0.4598792062122519, 0.4624676445211389, 0.4633304572907679, 0.4598792062122519, 0.4685073339085418, 0.4641932700603969, 0.45901639344262296, 0.4616048317515099, 0.4616048317515099, 0.46505608283002586, 0.46074201898188094, 0.4633304572907679, 0.4641932700603969, 0.4641932700603969, 0.4598792062122519, 0.4624676445211389, 0.4598792062122519, 0.46505608283002586, 0.4633304572907679, 0.4633304572907679], "best_test_accuracy": 0.4685073339085418}