{"train_accuracies": [0.0007645259938837921, 0.005351681957186544, 0.012996941896024464, 0.022935779816513763, 0.06192660550458716, 0.10856269113149847, 0.17660550458715596, 0.24464831804281345, 0.3669724770642202, 0.45489296636085624, 0.5642201834862385, 0.6666666666666666, 0.7438837920489296, 0.7928134556574924, 0.8394495412844036, 0.8692660550458715, 0.9059633027522935, 0.9243119266055045, 0.9426605504587156, 0.9464831804281345, 0.9487767584097859, 0.9541284403669725, 0.9709480122324159, 0.9655963302752294, 0.9709480122324159, 0.9663608562691132, 0.9640672782874617, 0.9732415902140673, 0.9824159021406728, 0.9762996941896025, 0.9747706422018348, 0.97782874617737, 0.9785932721712538, 0.9785932721712538, 0.9770642201834863, 0.9801223241590215, 0.9847094801223242, 0.9831804281345565, 0.9870030581039755, 0.9923547400611621, 0.9969418960244648, 0.9946483180428135, 0.9984709480122325, 0.9969418960244648, 0.9992354740061162, 0.996177370030581, 0.9992354740061162, 0.9984709480122325, 0.9992354740061162, 0.9992354740061162, 0.9984709480122325, 0.9984709480122325, 0.9992354740061162, 1.0, 0.9977064220183486, 1.0, 1.0, 0.9984709480122325, 1.0, 0.9969418960244648, 1.0, 0.9992354740061162, 0.9984709480122325, 0.9992354740061162, 0.9984709480122325, 0.9984709480122325, 0.9977064220183486, 0.9992354740061162, 0.9984709480122325], "test_accuracies": [0.008181818181818182, 0.01, 0.026363636363636363, 0.046363636363636364, 0.04727272727272727, 0.057272727272727274, 0.07727272727272727, 0.09363636363636364, 0.11818181818181818, 0.1590909090909091, 0.17272727272727273, 0.23636363636363636, 0.22272727272727272, 0.24181818181818182, 0.24818181818181817, 0.2681818181818182, 0.27636363636363637, 0.2972727272727273, 0.30727272727272725, 0.29545454545454547, 0.28454545454545455, 0.27, 0.30454545454545456, 0.30454545454545456, 0.32272727272727275, 0.32636363636363636, 0.33090909090909093, 0.3290909090909091, 0.3327272727272727, 0.3290909090909091, 0.32272727272727275, 0.33545454545454545, 0.3390909090909091, 0.32545454545454544, 0.2963636363636364, 0.3390909090909091, 0.3209090909090909, 0.32727272727272727, 0.33545454545454545, 0.3509090909090909, 0.35545454545454547, 0.35909090909090907, 0.36727272727272725, 0.36818181818181817, 0.37545454545454543, 0.3718181818181818, 0.37545454545454543, 0.37363636363636366, 0.37272727272727274, 0.3718181818181818, 0.3718181818181818, 0.37454545454545457, 0.37272727272727274, 0.37727272727272726, 0.37454545454545457, 0.37, 0.3709090909090909, 0.37, 0.3718181818181818, 0.36818181818181817, 0.37272727272727274, 0.3718181818181818, 0.37272727272727274, 0.37, 0.37454545454545457, 0.37636363636363634, 0.37272727272727274, 0.37272727272727274, 0.3709090909090909], "best_test_accuracy": 0.37727272727272726}