{"train_accuracies": [0.002207505518763797, 0.0051508462104488595, 0.0051508462104488595, 0.011037527593818985, 0.019867549668874173, 0.022810890360559236, 0.025754231052244298, 0.05592347314201619, 0.08830022075055188, 0.12067696835908756, 0.21927888153053715, 0.28108903605592345, 0.3745401030169242, 0.445916114790287, 0.5467255334805003, 0.5974981604120677, 0.6497424576894776, 0.70345842531273, 0.7505518763796909, 0.775570272259014, 0.8167770419426048, 0.8425312729948492, 0.8417954378219279, 0.8704930095658573, 0.8969830757910228, 0.9087564385577631, 0.9072847682119205, 0.9094922737306843, 0.9264164827078735, 0.9315673289183223, 0.9484915378955114, 0.927888153053716, 0.9477557027225901, 0.9551140544518028, 0.9514348785871964, 0.9558498896247241, 0.9654157468727005, 0.9536423841059603, 0.9610007358351729, 0.9749816041206769, 0.9882266372332598, 0.9955849889624724, 0.9941133186166299, 0.9933774834437086, 0.9970566593083149, 0.9977924944812362, 0.9977924944812362, 0.9963208241353937, 0.9963208241353937, 0.9963208241353937, 0.9977924944812362, 0.9977924944812362, 0.9970566593083149, 0.9992641648270787, 0.9977924944812362, 0.9948491537895512, 0.9977924944812362, 0.9970566593083149, 0.9948491537895512, 0.9970566593083149, 1.0, 0.9977924944812362, 0.9985283296541575, 0.9992641648270787, 0.9970566593083149, 0.9985283296541575, 0.9992641648270787, 0.9992641648270787, 0.9985283296541575, 0.9992641648270787, 0.9985283296541575, 0.9985283296541575], "test_accuracies": [0.007079646017699115, 0.009734513274336283, 0.008849557522123894, 0.01415929203539823, 0.022123893805309734, 0.033628318584070796, 0.046902654867256637, 0.08141592920353982, 0.11327433628318584, 0.20088495575221238, 0.24601769911504426, 0.2513274336283186, 0.3230088495575221, 0.3672566371681416, 0.4150442477876106, 0.44601769911504424, 0.46017699115044247, 0.511504424778761, 0.484070796460177, 0.5929203539823009, 0.584070796460177, 0.5707964601769911, 0.5141592920353982, 0.5946902654867257, 0.6150442477876106, 0.5849557522123894, 0.6221238938053097, 0.5920353982300885, 0.5973451327433629, 0.6141592920353982, 0.6097345132743363, 0.6194690265486725, 0.6265486725663717, 0.6079646017699115, 0.6141592920353982, 0.6035398230088496, 0.6132743362831858, 0.5946902654867257, 0.5893805309734513, 0.6592920353982301, 0.6716814159292035, 0.6778761061946903, 0.6823008849557523, 0.6911504424778762, 0.6884955752212389, 0.6929203539823009, 0.6929203539823009, 0.695575221238938, 0.6964601769911505, 0.6946902654867256, 0.6938053097345133, 0.6920353982300885, 0.6946902654867256, 0.6964601769911505, 0.7, 0.6973451327433628, 0.7044247787610619, 0.7017699115044248, 0.6964601769911505, 0.6946902654867256, 0.6946902654867256, 0.6973451327433628, 0.7008849557522124, 0.7008849557522124, 0.6982300884955752, 0.7035398230088495, 0.7008849557522124, 0.7, 0.7, 0.7035398230088495, 0.7026548672566372, 0.6991150442477876], "best_test_accuracy": 0.7044247787610619}