{"train_accuracies": [0.0035236081747709656, 0.006342494714587738, 0.007047216349541931, 0.012684989429175475, 0.018322762508809022, 0.030303030303030304, 0.048625792811839326, 0.10711768851303735, 0.1634954193093728, 0.2452431289640592, 0.32346723044397463, 0.3883016208597604, 0.492600422832981, 0.5722339675828048, 0.6469344608879493, 0.689922480620155, 0.7413671599718111, 0.8083157152924595, 0.8217054263565892, 0.8470754052149401, 0.8801973220577872, 0.883016208597604, 0.8935870331219169, 0.8949964763918252, 0.923185341789993, 0.9189570119802678, 0.9372797744890768, 0.95630725863284, 0.9584214235377027, 0.9654686398872445, 0.9570119802677942, 0.9633544749823819, 0.9513742071881607, 0.9682875264270613, 0.9485553206483439, 0.959830866807611, 0.9570119802677942, 0.9584214235377027, 0.9753347427766033, 0.9908386187455955, 0.9873150105708245, 0.9915433403805497, 0.9957716701902748, 0.9971811134601832, 0.9936575052854123, 0.9943622269203665, 0.9971811134601832, 0.9943622269203665, 0.9950669485553206, 0.9971811134601832, 0.9971811134601832, 0.9957716701902748, 0.9985905567300916, 0.9950669485553206, 0.9971811134601832, 0.9992952783650458, 0.9971811134601832, 0.9992952783650458, 0.9957716701902748, 0.9978858350951374, 0.9992952783650458, 0.9985905567300916, 0.9978858350951374, 0.9978858350951374, 0.9978858350951374, 0.9985905567300916, 0.9992952783650458, 0.9978858350951374, 0.9964763918252291, 0.9978858350951374], "test_accuracies": [0.005037783375314861, 0.008396305625524769, 0.01595298068849706, 0.017632241813602016, 0.0327455919395466, 0.06968933669185558, 0.09319899244332494, 0.14357682619647355, 0.22502099076406382, 0.3316540722082284, 0.2947103274559194, 0.4550797649034425, 0.3887489504617968, 0.5835432409739715, 0.563392107472712, 0.6188077246011755, 0.6481947942905122, 0.6414777497900923, 0.6574307304785895, 0.6750629722921915, 0.691855583543241, 0.6607892527287993, 0.709487825356843, 0.7212426532325776, 0.6423173803526449, 0.7229219143576826, 0.72544080604534, 0.7422334172963896, 0.743073047858942, 0.7397145256087322, 0.7287993282955499, 0.7699412258606213, 0.7296389588581025, 0.7439126784214946, 0.7128463476070529, 0.7313182199832073, 0.7472712006717045, 0.7027707808564232, 0.7523089840470193, 0.7665827036104114, 0.7724601175482787, 0.7783375314861462, 0.7867338371116709, 0.7850545759865659, 0.7875734676742233, 0.7909319899244333, 0.7934508816120907, 0.8001679261125105, 0.7934508816120907, 0.799328295549958, 0.8001679261125105, 0.8043660789252729, 0.8110831234256927, 0.8119227539882452, 0.8144416456759026, 0.8026868178001679, 0.8035264483627204, 0.8094038623005877, 0.8043660789252729, 0.8068849706129303, 0.8094038623005877, 0.8060453400503779, 0.8077246011754828, 0.8094038623005877, 0.8136020151133502, 0.8085642317380353, 0.8119227539882452, 0.8102434928631402, 0.8102434928631402, 0.8094038623005877], "best_test_accuracy": 0.8144416456759026}