{"train_accuracies": [0.006512301013024602, 0.04052098408104197, 0.07018813314037627, 0.17655571635311143, 0.3031837916063676, 0.4956584659913169, 0.6034732272069464, 0.7069464544138929, 0.7467438494934877, 0.8118668596237337, 0.8400868306801736, 0.8560057887120116, 0.869753979739508, 0.9052098408104197, 0.9283646888567294, 0.9464544138929089, 0.9218523878437048, 0.9479015918958031, 0.9464544138929089, 0.9421128798842258, 0.9435600578871202, 0.9500723589001447, 0.9580318379160637, 0.9493487698986975, 0.9529667149059334, 0.9659913169319826, 0.9775687409551375, 0.9905933429811867, 0.9963820549927641, 0.9934876989869754, 0.9934876989869754, 0.9963820549927641, 0.9971056439942113, 0.9927641099855282, 0.9934876989869754, 0.9992764109985528, 0.9971056439942113, 0.9949348769898697, 0.9992764109985528, 0.9978292329956585, 0.9978292329956585, 0.9992764109985528, 0.9978292329956585, 0.9992764109985528, 1.0, 0.9985528219971056, 0.9992764109985528, 0.9978292329956585, 1.0, 0.9971056439942113, 0.9978292329956585, 0.9992764109985528, 0.9978292329956585, 0.9985528219971056, 0.9992764109985528, 0.9963820549927641, 0.9992764109985528, 0.9992764109985528, 0.9985528219971056, 0.9963820549927641, 0.9971056439942113, 0.9971056439942113, 1.0, 0.9971056439942113, 0.9992764109985528, 0.9963820549927641, 0.9992764109985528], "test_accuracies": [0.02144082332761578, 0.048027444253859346, 0.1183533447684391, 0.2195540308747856, 0.2118353344768439, 0.3379073756432247, 0.39622641509433965, 0.444253859348199, 0.4914236706689537, 0.47427101200686106, 0.5111492281303602, 0.5368782161234992, 0.5317324185248714, 0.5360205831903945, 0.5265866209262435, 0.5608919382504288, 0.5445969125214408, 0.5077186963979416, 0.5514579759862779, 0.5737564322469982, 0.49313893653516294, 0.5720411663807891, 0.5583190394511149, 0.5265866209262435, 0.5531732418524872, 0.5445969125214408, 0.5849056603773585, 0.5891938250428816, 0.5934819897084048, 0.5994854202401372, 0.6012006861063465, 0.6046312178387651, 0.6012006861063465, 0.6020583190394511, 0.5934819897084048, 0.6012006861063465, 0.5969125214408233, 0.6063464837049742, 0.6166380789022299, 0.5960548885077187, 0.6149228130360206, 0.6037735849056604, 0.6029159519725558, 0.6054888507718696, 0.6029159519725558, 0.6072041166380789, 0.6063464837049742, 0.6029159519725558, 0.614065180102916, 0.6012006861063465, 0.611492281303602, 0.6174957118353345, 0.6012006861063465, 0.6037735849056604, 0.5994854202401372, 0.6020583190394511, 0.6166380789022299, 0.6037735849056604, 0.6149228130360206, 0.614065180102916, 0.6037735849056604, 0.614065180102916, 0.614065180102916, 0.6080617495711835, 0.6054888507718696, 0.6166380789022299, 0.6063464837049742], "best_test_accuracy": 0.6174957118353345}