{"train_accuracies": [0.00273224043715847, 0.01912568306010929, 0.08105646630236794, 0.1848816029143898, 0.3105646630236794, 0.28324225865209474, 0.563752276867031, 0.5482695810564663, 0.4435336976320583, 0.4544626593806922, 0.45264116575591984, 0.5127504553734062, 0.5537340619307832, 0.5428051001821493, 0.5400728597449909, 0.4744990892531876, 0.424408014571949, 0.6010928961748634, 0.51183970856102, 0.47540983606557374, 0.5746812386156649, 0.4544626593806922, 0.4544626593806922, 0.575591985428051, 0.4544626593806922, 0.5564663023679417, 0.5546448087431693, 0.5983606557377049, 0.46357012750455373, 0.4408014571948998, 0.4344262295081967, 0.5719489981785064, 0.4216757741347905, 0.6238615664845173, 0.6202185792349727, 0.6366120218579235, 0.4936247723132969, 0.5774134790528234, 0.6320582877959927, 0.5, 0.5482695810564663, 0.5091074681238615, 0.348816029143898, 0.6256830601092896, 0.5182149362477231, 0.42987249544626593, 0.46083788706739526, 0.5100182149362478, 0.546448087431694, 0.6056466302367942, 0.569216757741348, 0.5382513661202186, 0.5018214936247724, 0.5591985428051002, 0.6302367941712204, 0.6056466302367942, 0.4016393442622951, 0.5673952641165756, 0.5418943533697632, 0.4426229508196721, 0.48269581056466304, 0.644808743169399, 0.4918032786885246, 0.5400728597449909, 0.4763205828779599, 0.6575591985428051, 0.5591985428051002, 0.5774134790528234, 0.6411657559198543, 0.424408014571949, 0.5391621129326047], "val_accuracies": [0.01090909090909091, 0.04727272727272727, 0.14181818181818182, 0.2545454545454545, 0.3018181818181818, 0.38181818181818183, 0.37454545454545457, 0.38181818181818183, 0.3781818181818182, 0.44, 0.43272727272727274, 0.44363636363636366, 0.44363636363636366, 0.45454545454545453, 0.4618181818181818, 0.4690909090909091, 0.4763636363636364, 0.4618181818181818, 0.43272727272727274, 0.43636363636363634, 0.45454545454545453, 0.41818181818181815, 0.48363636363636364, 0.4509090909090909, 0.4727272727272727, 0.4763636363636364, 0.48727272727272725, 0.4763636363636364, 0.4727272727272727, 0.46545454545454545, 0.4727272727272727, 0.4581818181818182, 0.48, 0.48363636363636364, 0.46545454545454545, 0.4763636363636364, 0.44363636363636366, 0.48363636363636364, 0.49454545454545457, 0.4618181818181818, 0.49454545454545457, 0.48727272727272725, 0.4763636363636364, 0.48, 0.48727272727272725, 0.4909090909090909, 0.48363636363636364, 0.4727272727272727, 0.48363636363636364, 0.4763636363636364, 0.4690909090909091, 0.49818181818181817, 0.49818181818181817, 0.48727272727272725, 0.48727272727272725, 0.5163636363636364, 0.4690909090909091, 0.48363636363636364, 0.49818181818181817, 0.5054545454545455, 0.5018181818181818, 0.48363636363636364, 0.49454545454545457, 0.46545454545454545, 0.48, 0.48727272727272725, 0.4618181818181818, 0.48, 0.46545454545454545, 0.48363636363636364, 0.49818181818181817], "best_val_accuracy": 0.5163636363636364}