{"train_accuracies": [0.011644832605531296, 0.04730713245997089, 0.12809315866084425, 0.23871906841339155, 0.3915574963609898, 0.5553129548762736, 0.6870451237263464, 0.784570596797671, 0.8471615720524017, 0.8871906841339156, 0.9155749636098981, 0.9294032023289666, 0.9337700145560408, 0.9519650655021834, 0.9512372634643377, 0.9716157205240175, 0.9730713245997089, 0.9636098981077147, 0.9621542940320232, 0.9708879184861717, 0.975254730713246, 0.9679767103347889, 0.9781659388646288, 0.9832605531295487, 0.9868995633187773, 0.9832605531295487, 0.9810771470160117, 0.980349344978166, 0.9854439592430859, 0.9985443959243085, 0.9978165938864629, 0.9992721979621543, 0.9985443959243085, 0.9970887918486172, 0.9992721979621543, 0.9992721979621543, 0.9985443959243085, 0.9992721979621543, 0.9992721979621543, 0.9985443959243085, 0.9992721979621543, 1.0, 1.0, 0.9992721979621543, 0.9985443959243085, 1.0, 0.9992721979621543, 0.9978165938864629, 1.0, 0.9978165938864629, 1.0, 1.0, 0.9992721979621543, 0.9992721979621543, 0.9992721979621543, 0.9992721979621543, 0.9992721979621543, 0.9992721979621543, 0.9992721979621543, 1.0, 1.0, 1.0, 1.0, 0.9992721979621543, 1.0, 1.0, 1.0, 1.0, 1.0, 0.9992721979621543, 1.0, 1.0, 1.0, 1.0, 0.9978165938864629, 1.0, 0.9985443959243085, 1.0, 0.9992721979621543, 0.9992721979621543, 1.0], "test_accuracies": [0.031413612565445025, 0.06457242582897033, 0.12216404886561955, 0.20418848167539266, 0.26788830715532286, 0.2844677137870855, 0.28883071553228623, 0.3769633507853403, 0.41972076788830714, 0.4537521815008726, 0.4040139616055846, 0.47033158813263526, 0.45549738219895286, 0.45200698080279234, 0.46160558464223383, 0.4668411867364747, 0.48778359511343805, 0.4895287958115183, 0.5008726003490401, 0.4930191972076789, 0.4607329842931937, 0.5174520069808028, 0.48080279232111695, 0.4895287958115183, 0.48080279232111695, 0.4956369982547993, 0.506108202443281, 0.4799301919720768, 0.5261780104712042, 0.5331588132635253, 0.5340314136125655, 0.5331588132635253, 0.5427574171029669, 0.5506108202443281, 0.5471204188481675, 0.5479930191972077, 0.5462478184991274, 0.5479930191972077, 0.5549738219895288, 0.5523560209424084, 0.5567190226876091, 0.5549738219895288, 0.5584642233856894, 0.5549738219895288, 0.56282722513089, 0.5610820244328097, 0.5584642233856894, 0.5584642233856894, 0.5663176265270506, 0.5636998254799301, 0.5575916230366492, 0.5619546247818499, 0.568935427574171, 0.5636998254799301, 0.56282722513089, 0.5663176265270506, 0.5663176265270506, 0.5610820244328097, 0.56282722513089, 0.56282722513089, 0.5671902268760908, 0.5584642233856894, 0.56282722513089, 0.568935427574171, 0.56282722513089, 0.5698080279232112, 0.5619546247818499, 0.5593368237347295, 0.5610820244328097, 0.568935427574171, 0.5645724258289704, 0.5636998254799301, 0.5663176265270506, 0.5698080279232112, 0.5671902268760908, 0.5619546247818499, 0.5680628272251309, 0.5593368237347295, 0.5663176265270506, 0.568935427574171, 0.5636998254799301], "best_test_accuracy": 0.5698080279232112}