{"train_accuracies": [0.008843537414965987, 0.019727891156462583, 0.04625850340136054, 0.09523809523809523, 0.19047619047619047, 0.3040816326530612, 0.43673469387755104, 0.563265306122449, 0.673469387755102, 0.7476190476190476, 0.8061224489795918, 0.8639455782312925, 0.889795918367347, 0.9210884353741496, 0.9380952380952381, 0.9476190476190476, 0.9612244897959183, 0.9673469387755103, 0.9782312925170068, 0.9789115646258504, 0.9727891156462585, 0.972108843537415, 0.9598639455782313, 0.9591836734693877, 0.9727891156462585, 0.9945578231292517, 0.9952380952380953, 0.9952380952380953, 0.9979591836734694, 0.9993197278911564, 0.9972789115646259, 0.9952380952380953, 0.9993197278911564, 0.9972789115646259, 0.998639455782313, 0.998639455782313, 0.998639455782313, 0.9979591836734694, 0.998639455782313, 0.9979591836734694, 0.9993197278911564, 0.998639455782313, 0.998639455782313, 0.998639455782313, 0.9993197278911564, 0.9972789115646259, 0.9993197278911564, 0.9979591836734694, 0.9993197278911564, 0.9979591836734694, 1.0, 0.9979591836734694, 0.998639455782313, 0.998639455782313, 1.0, 0.9993197278911564, 0.998639455782313, 0.9993197278911564, 0.9972789115646259, 0.9972789115646259, 0.9993197278911564, 0.9972789115646259, 0.998639455782313, 1.0, 0.9993197278911564, 0.9979591836734694, 0.998639455782313, 0.9979591836734694], "test_accuracies": [0.016853932584269662, 0.025682182985553772, 0.0521669341894061, 0.08186195826645265, 0.10032102728731943, 0.10914927768860354, 0.21829855537720708, 0.28330658105939005, 0.3507223113964687, 0.4173354735152488, 0.42937399678972715, 0.4438202247191011, 0.4654895666131621, 0.44703049759229535, 0.4534510433386838, 0.44301765650080255, 0.4959871589085072, 0.5168539325842697, 0.49919743178170145, 0.5032102728731942, 0.514446227929374, 0.47913322632423755, 0.4767255216693419, 0.39646869983948635, 0.5304975922953451, 0.5465489566613162, 0.550561797752809, 0.5529695024077047, 0.5561797752808989, 0.5593900481540931, 0.5634028892455859, 0.5674157303370787, 0.5762439807383628, 0.5666131621187801, 0.5674157303370787, 0.5714285714285714, 0.5802568218298555, 0.5802568218298555, 0.5778491171749599, 0.5834670947030498, 0.579454253611557, 0.5906902086677368, 0.5818619582664526, 0.5858747993579454, 0.5906902086677368, 0.5858747993579454, 0.5850722311396469, 0.5882825040128411, 0.5947030497592295, 0.586677367576244, 0.5842696629213483, 0.5882825040128411, 0.6003210272873194, 0.5914927768860353, 0.5906902086677368, 0.5955056179775281, 0.5858747993579454, 0.586677367576244, 0.5930979133226324, 0.5963081861958266, 0.5922953451043339, 0.5914927768860353, 0.5914927768860353, 0.5898876404494382, 0.5971107544141252, 0.5914927768860353, 0.5906902086677368, 0.5922953451043339], "best_test_accuracy": 0.6003210272873194}