{"train_accuracies": [0.011653313911143482, 0.05243991260014567, 0.16970138383102695, 0.3976693372177713, 0.5768390386016023, 0.6948288419519301, 0.7727603787327021, 0.8252002913328478, 0.8710852148579752, 0.8965768390386016, 0.8936635105608157, 0.9075018208302986, 0.922068463219228, 0.9257101238164603, 0.9373634377276038, 0.9621267297887837, 0.9810633648943918, 0.9905316824471959, 0.9934450109249818, 0.9919883466860888, 0.9963583394027676, 0.9941733430444283, 0.9919883466860888, 0.9941733430444283, 0.9927166788055353, 0.9956300072833212, 0.9934450109249818, 0.9963583394027676, 0.9956300072833212, 0.9934450109249818, 0.9912600145666424, 0.9963583394027676, 0.9956300072833212, 0.9934450109249818, 0.9941733430444283, 0.9978150036416606, 0.9978150036416606, 0.9970866715222141, 0.9985433357611071, 0.9985433357611071, 0.9963583394027676, 0.9978150036416606, 0.9956300072833212, 0.9956300072833212, 0.9970866715222141, 0.9963583394027676, 0.9970866715222141, 0.9963583394027676, 0.9963583394027676, 0.9978150036416606, 0.9963583394027676, 0.9970866715222141, 0.9992716678805535], "test_accuracies": [0.013888888888888888, 0.08246527777777778, 0.1362847222222222, 0.2994791666666667, 0.3741319444444444, 0.3984375, 0.4244791666666667, 0.4652777777777778, 0.5277777777777778, 0.5234375, 0.5017361111111112, 0.4861111111111111, 0.4635416666666667, 0.5, 0.3984375, 0.5494791666666666, 0.5590277777777778, 0.5668402777777778, 0.5694444444444444, 0.5711805555555556, 0.5815972222222222, 0.5815972222222222, 0.5824652777777778, 0.5833333333333334, 0.5876736111111112, 0.5885416666666666, 0.5876736111111112, 0.5920138888888888, 0.5807291666666666, 0.5876736111111112, 0.5850694444444444, 0.5850694444444444, 0.5911458333333334, 0.5850694444444444, 0.5894097222222222, 0.5920138888888888, 0.5885416666666666, 0.5980902777777778, 0.5946180555555556, 0.5902777777777778, 0.5902777777777778, 0.5954861111111112, 0.5911458333333334, 0.5928819444444444, 0.5963541666666666, 0.59375, 0.5911458333333334, 0.5902777777777778, 0.5954861111111112, 0.5920138888888888, 0.5894097222222222, 0.5868055555555556, 0.5876736111111112], "best_test_accuracy": 0.5980902777777778}