{"train_accuracies": [0.005886681383370125, 0.01839587932303164, 0.0684326710816777, 0.1927888153053716, 0.40397350993377484, 0.6166298749080206, 0.7792494481236203, 0.8594554819720382, 0.8984547461368654, 0.9234731420161884, 0.9374540103016924, 0.9565857247976454, 0.9610007358351729, 0.9602649006622517, 0.9720382634289919, 0.9749816041206769, 0.9735099337748344, 0.9727740986019132, 0.9757174392935982, 0.9764532744665195, 0.9838116261957321, 0.9771891096394407, 0.977924944812362, 0.9808682855040471, 0.9793966151582045, 0.977924944812362, 0.9830757910228108, 0.9948491537895512, 0.9955849889624724, 0.9955849889624724, 0.9985283296541575, 1.0, 0.9985283296541575, 0.9970566593083149, 1.0, 0.9992641648270787, 1.0, 0.9992641648270787, 0.9977924944812362, 0.9985283296541575, 1.0, 0.9992641648270787, 0.9992641648270787, 1.0, 0.9985283296541575, 0.9992641648270787, 1.0, 0.9985283296541575, 0.9992641648270787, 0.9992641648270787, 0.9992641648270787, 0.9992641648270787, 0.9992641648270787, 0.9985283296541575, 0.9992641648270787, 1.0, 0.9992641648270787, 1.0, 1.0, 0.9992641648270787, 1.0, 1.0, 0.9985283296541575, 1.0, 0.9992641648270787, 1.0, 0.9992641648270787, 0.9985283296541575, 1.0], "test_accuracies": [0.012389380530973451, 0.03805309734513274, 0.09469026548672567, 0.1831858407079646, 0.2911504424778761, 0.3831858407079646, 0.48053097345132745, 0.431858407079646, 0.5150442477876106, 0.54070796460177, 0.5398230088495575, 0.4982300884955752, 0.5265486725663717, 0.5283185840707965, 0.5380530973451327, 0.5530973451327433, 0.5646017699115045, 0.5601769911504425, 0.5336283185840708, 0.5893805309734513, 0.5433628318584071, 0.5628318584070796, 0.5415929203539823, 0.5053097345132743, 0.5185840707964602, 0.5, 0.5849557522123894, 0.6008849557522123, 0.6115044247787611, 0.6150442477876106, 0.6168141592920354, 0.620353982300885, 0.620353982300885, 0.6256637168141593, 0.6247787610619469, 0.6221238938053097, 0.620353982300885, 0.6247787610619469, 0.6247787610619469, 0.6212389380530974, 0.6256637168141593, 0.6221238938053097, 0.6238938053097345, 0.6247787610619469, 0.6265486725663717, 0.620353982300885, 0.6230088495575221, 0.6168141592920354, 0.6247787610619469, 0.6221238938053097, 0.6221238938053097, 0.6256637168141593, 0.6238938053097345, 0.6300884955752213, 0.6247787610619469, 0.6256637168141593, 0.6256637168141593, 0.6265486725663717, 0.620353982300885, 0.6274336283185841, 0.6265486725663717, 0.6221238938053097, 0.6212389380530974, 0.6230088495575221, 0.6274336283185841, 0.6300884955752213, 0.6256637168141593, 0.6283185840707964, 0.6238938053097345], "best_test_accuracy": 0.6300884955752213}