{"train_accuracies": [0.0, 0.020076481835564052, 0.07934990439770555, 0.1921606118546845, 0.2858508604206501, 0.251434034416826, 0.44933078393881454, 0.6281070745697896, 0.5191204588910134, 0.7552581261950286, 0.4072657743785851, 0.5363288718929254, 0.595602294455067, 0.4808795411089866, 0.5124282982791587, 0.41395793499043976, 0.5038240917782026, 0.641491395793499, 0.4770554493307839, 0.41586998087954113, 0.4732313575525813, 0.5439770554493308, 0.5133843212237094, 0.49235181644359466, 0.5239005736137667, 0.5478011472275335, 0.46367112810707456, 0.4416826003824092, 0.5363288718929254, 0.6816443594646272, 0.4187380497131931, 0.40822179732313574, 0.4502868068833652, 0.5133843212237094, 0.39101338432122373, 0.4464627151051625, 0.47036328871892924, 0.5927342256214149, 0.4005736137667304, 0.43690248565965584, 0.4961759082217973, 0.652963671128107, 0.35564053537284895, 0.5210325047801148, 0.5726577437858509, 0.45124282982791586], "val_accuracies": [0.003816793893129771, 0.007633587786259542, 0.07251908396946564, 0.11068702290076336, 0.14122137404580154, 0.1946564885496183, 0.21755725190839695, 0.2099236641221374, 0.23282442748091603, 0.22137404580152673, 0.2480916030534351, 0.2633587786259542, 0.23282442748091603, 0.29389312977099236, 0.2786259541984733, 0.2480916030534351, 0.25190839694656486, 0.25190839694656486, 0.26717557251908397, 0.27099236641221375, 0.2786259541984733, 0.29770992366412213, 0.2824427480916031, 0.2595419847328244, 0.3053435114503817, 0.2824427480916031, 0.25572519083969464, 0.2824427480916031, 0.3015267175572519, 0.29389312977099236, 0.3435114503816794, 0.30916030534351147, 0.31679389312977096, 0.3282442748091603, 0.29770992366412213, 0.2862595419847328, 0.31679389312977096, 0.31297709923664124, 0.29389312977099236, 0.2862595419847328, 0.31297709923664124, 0.29770992366412213, 0.32061068702290074, 0.2748091603053435, 0.29389312977099236, 0.29770992366412213], "best_val_accuracy": 0.3435114503816794}