{"train_accuracies": [0.004553734061930784, 0.007285974499089253, 0.009107468123861567, 0.015482695810564663, 0.030054644808743168, 0.07194899817850638, 0.14663023679417123, 0.2122040072859745, 0.2859744990892532, 0.377959927140255, 0.4681238615664845, 0.5482695810564663, 0.6001821493624773, 0.6520947176684881, 0.7076502732240437, 0.7513661202185792, 0.7941712204007286, 0.8151183970856102, 0.825136612021858, 0.8642987249544627, 0.8816029143897997, 0.8907103825136612, 0.8943533697632058, 0.9043715846994536, 0.900728597449909, 0.9180327868852459, 0.9444444444444444, 0.9690346083788707, 0.9790528233151184, 0.982695810564663, 0.98816029143898, 0.9936247723132969, 0.9872495446265938, 0.9963570127504554, 0.9963570127504554, 0.9918032786885246, 0.9936247723132969, 0.9918032786885246, 0.9954462659380692, 0.9908925318761385, 0.9981785063752276, 0.9954462659380692, 0.9936247723132969, 0.9954462659380692, 0.9927140255009107, 0.994535519125683, 0.9972677595628415, 0.9927140255009107, 0.994535519125683, 0.9963570127504554, 0.9927140255009107, 0.9981785063752276, 0.9972677595628415, 0.9908925318761385, 0.9936247723132969, 0.9972677595628415, 0.994535519125683, 0.9927140255009107, 0.9954462659380692, 0.9936247723132969, 0.994535519125683, 0.9963570127504554, 0.9918032786885246, 0.9963570127504554, 0.9936247723132969, 0.9972677595628415, 0.9954462659380692, 0.9963570127504554, 0.9936247723132969, 0.994535519125683, 0.9954462659380692, 0.9990892531876139], "val_accuracies": [0.0036363636363636364, 0.0036363636363636364, 0.02181818181818182, 0.01818181818181818, 0.02909090909090909, 0.05090909090909091, 0.05090909090909091, 0.13090909090909092, 0.13454545454545455, 0.17454545454545456, 0.23272727272727273, 0.2690909090909091, 0.31272727272727274, 0.36, 0.36363636363636365, 0.38181818181818183, 0.28, 0.3890909090909091, 0.37454545454545457, 0.4218181818181818, 0.4690909090909091, 0.38181818181818183, 0.3927272727272727, 0.3927272727272727, 0.41818181818181815, 0.43272727272727274, 0.44363636363636366, 0.44727272727272727, 0.48, 0.4690909090909091, 0.4909090909090909, 0.4690909090909091, 0.49454545454545457, 0.45454545454545453, 0.48363636363636364, 0.4763636363636364, 0.5018181818181818, 0.48363636363636364, 0.49454545454545457, 0.4909090909090909, 0.49454545454545457, 0.4727272727272727, 0.49454545454545457, 0.49454545454545457, 0.49454545454545457, 0.5018181818181818, 0.5163636363636364, 0.509090909090909, 0.5054545454545455, 0.5127272727272727, 0.5054545454545455, 0.5054545454545455, 0.48727272727272725, 0.49454545454545457, 0.48363636363636364, 0.4909090909090909, 0.5272727272727272, 0.509090909090909, 0.5018181818181818, 0.5054545454545455, 0.5127272727272727, 0.5054545454545455, 0.4909090909090909, 0.49454545454545457, 0.509090909090909, 0.509090909090909, 0.5272727272727272, 0.48727272727272725, 0.5054545454545455, 0.5163636363636364, 0.5163636363636364, 0.5163636363636364], "best_val_accuracy": 0.5272727272727272}