{"train_accuracies": [0.0018099547511312218, 0.005429864253393665, 0.0036199095022624436, 0.008144796380090498, 0.00904977375565611, 0.016289592760180997, 0.02171945701357466, 0.034389140271493215, 0.05429864253393665, 0.08959276018099548, 0.13755656108597286, 0.19547511312217195, 0.26244343891402716, 0.32850678733031674, 0.4289592760180995, 0.4678733031674208, 0.5574660633484163, 0.6018099547511312, 0.6452488687782806, 0.6850678733031674, 0.7113122171945702, 0.7610859728506787, 0.8027149321266969, 0.8389140271493213, 0.8552036199095022, 0.8506787330316742, 0.8723981900452489, 0.9113122171945701, 0.9076923076923077, 0.9194570135746606, 0.9330316742081448, 0.930316742081448, 0.9457013574660633, 0.9420814479638009, 0.9665158371040724, 0.9583710407239819, 0.9438914027149321, 0.96289592760181, 0.9891402714932127, 0.9936651583710407, 0.9882352941176471, 0.9936651583710407, 0.9945701357466064, 0.9945701357466064, 0.9918552036199095, 0.9936651583710407, 0.9945701357466064, 0.9981900452488688, 0.9990950226244344, 0.9981900452488688, 0.9981900452488688, 0.9963800904977376, 0.9981900452488688, 0.9936651583710407, 0.9981900452488688, 0.9972850678733032, 0.9981900452488688, 0.9981900452488688, 0.9936651583710407, 0.9963800904977376, 0.995475113122172, 0.9945701357466064, 0.9963800904977376, 0.9963800904977376, 0.995475113122172, 0.9963800904977376], "val_accuracies": [0.0, 0.007220216606498195, 0.0, 0.010830324909747292, 0.010830324909747292, 0.01444043321299639, 0.01444043321299639, 0.04693140794223827, 0.05415162454873646, 0.09025270758122744, 0.11552346570397112, 0.12274368231046931, 0.148014440433213, 0.1588447653429603, 0.2527075812274368, 0.22021660649819494, 0.2924187725631769, 0.30685920577617326, 0.3285198555956679, 0.33212996389891697, 0.35018050541516244, 0.36823104693140796, 0.3212996389891697, 0.37184115523465705, 0.34657039711191334, 0.35379061371841153, 0.36101083032490977, 0.36101083032490977, 0.4259927797833935, 0.36462093862815886, 0.44404332129963897, 0.4151624548736462, 0.41155234657039713, 0.36823104693140796, 0.4332129963898917, 0.41155234657039713, 0.4223826714801444, 0.4620938628158845, 0.4404332129963899, 0.4620938628158845, 0.48375451263537905, 0.4657039711191336, 0.4693140794223827, 0.48736462093862815, 0.47653429602888087, 0.48014440433212996, 0.48014440433212996, 0.48736462093862815, 0.4729241877256318, 0.48375451263537905, 0.5054151624548736, 0.48375451263537905, 0.49097472924187724, 0.48375451263537905, 0.4693140794223827, 0.49458483754512633, 0.48736462093862815, 0.47653429602888087, 0.48375451263537905, 0.4693140794223827, 0.4729241877256318, 0.49097472924187724, 0.48736462093862815, 0.47653429602888087, 0.49458483754512633, 0.4657039711191336], "best_val_accuracy": 0.5054151624548736}