{"train_accuracies": [0.0027598896044158236, 0.00919963201471941, 0.00827966881324747, 0.00919963201471941, 0.01655933762649494, 0.03863845446182153, 0.061637534498620056, 0.10671573137074516, 0.20791168353265868, 0.27598896044158233, 0.36154553817847285, 0.45814167433302666, 0.5547378104875805, 0.6053357865685373, 0.6927322907083716, 0.7598896044158233, 0.8104875804967802, 0.84360625574977, 0.8647654093836247, 0.8951241950321988, 0.9116835326586936, 0.9144434222631095, 0.920883164673413, 0.9383624655013799, 0.953081876724931, 0.9549218031278749, 0.9641214351425943, 0.9567617295308187, 0.9494020239190433, 0.9512419503219871, 0.968721251149954, 0.9604415823367065, 0.9751609935602575, 0.9797608095676172, 0.983440662373505, 0.9908003679852806, 0.9972401103955841, 0.9963201471941122, 0.9972401103955841, 0.9981600735970562, 0.9990800367985281, 0.9981600735970562, 0.9981600735970562, 0.9990800367985281, 0.9990800367985281, 0.9954001839926403, 0.9963201471941122, 0.9990800367985281, 0.9990800367985281, 1.0, 0.9990800367985281, 0.9981600735970562, 0.9990800367985281, 0.9981600735970562, 0.9981600735970562, 0.9981600735970562, 1.0, 1.0, 1.0, 0.9963201471941122, 1.0, 0.9963201471941122], "val_accuracies": [0.003676470588235294, 0.003676470588235294, 0.003676470588235294, 0.007352941176470588, 0.025735294117647058, 0.011029411764705883, 0.03676470588235294, 0.0661764705882353, 0.11397058823529412, 0.17279411764705882, 0.18382352941176472, 0.2426470588235294, 0.2536764705882353, 0.30514705882352944, 0.2977941176470588, 0.39705882352941174, 0.39338235294117646, 0.35294117647058826, 0.3897058823529412, 0.3860294117647059, 0.4338235294117647, 0.3713235294117647, 0.4338235294117647, 0.45588235294117646, 0.47794117647058826, 0.45955882352941174, 0.38235294117647056, 0.5, 0.38235294117647056, 0.4117647058823529, 0.45955882352941174, 0.46691176470588236, 0.4485294117647059, 0.4117647058823529, 0.5183823529411765, 0.5330882352941176, 0.5257352941176471, 0.5330882352941176, 0.5257352941176471, 0.5514705882352942, 0.5588235294117647, 0.5294117647058824, 0.5625, 0.5551470588235294, 0.5257352941176471, 0.5404411764705882, 0.5661764705882353, 0.5625, 0.5404411764705882, 0.5625, 0.5551470588235294, 0.5367647058823529, 0.5661764705882353, 0.5551470588235294, 0.5477941176470589, 0.5514705882352942, 0.5330882352941176, 0.5220588235294118, 0.5514705882352942, 0.5477941176470589, 0.5441176470588235, 0.5661764705882353], "best_val_accuracy": 0.5661764705882353}