{"train_accuracies": [0.0036798528058877645, 0.01839926402943882, 0.06899724011039558, 0.14719411223551057, 0.32934682612695493, 0.5418583256669733, 0.36430542778288866, 0.47562097516099355, 0.45998160073597055, 0.37902483900643974, 0.5841766329346826, 0.46274149034038636, 0.515179392824287, 0.41122355105795766, 0.5225390984360626, 0.48114075436982523, 0.5262189512419503, 0.49494020239190434, 0.5409383624655014, 0.4406623735050598, 0.5022999080036799, 0.6062557497700092, 0.43146274149034036, 0.40662373505059796, 0.5262189512419503, 0.546458141674333, 0.45538178472861085, 0.6191352345906164, 0.31646734130634774, 0.48850045998160074, 0.44802207911683534, 0.5538178472861086, 0.5390984360625575, 0.46366145354185834, 0.43606255749770007, 0.5841766329346826, 0.5271389144434223, 0.6338546458141674, 0.5758969641214351, 0.3735050597976081, 0.47194112235510577, 0.5501379944802208, 0.47930082796688134, 0.563017479300828, 0.36614535418583255], "val_accuracies": [0.014705882352941176, 0.029411764705882353, 0.07720588235294118, 0.11397058823529412, 0.22058823529411764, 0.27941176470588236, 0.29411764705882354, 0.3639705882352941, 0.3786764705882353, 0.3602941176470588, 0.34191176470588236, 0.4007352941176471, 0.3602941176470588, 0.3860294117647059, 0.3713235294117647, 0.40808823529411764, 0.4227941176470588, 0.4007352941176471, 0.4411764705882353, 0.41544117647058826, 0.40808823529411764, 0.43014705882352944, 0.40808823529411764, 0.4117647058823529, 0.41544117647058826, 0.4007352941176471, 0.4117647058823529, 0.4485294117647059, 0.44485294117647056, 0.4742647058823529, 0.41911764705882354, 0.4338235294117647, 0.43014705882352944, 0.4375, 0.44485294117647056, 0.4264705882352941, 0.45955882352941174, 0.44485294117647056, 0.4264705882352941, 0.4411764705882353, 0.45955882352941174, 0.4485294117647059, 0.47058823529411764, 0.4375, 0.4632352941176471], "best_val_accuracy": 0.4742647058823529}