{"train_accuracies": [0.003639672429481347, 0.01364877161055505, 0.07279344858962693, 0.1665150136487716, 0.33666969972702454, 0.4494995450409463, 0.5031847133757962, 0.49772520473157417, 0.6560509554140127, 0.4349408553230209, 0.5031847133757962, 0.4440400363967243, 0.45222929936305734, 0.5732484076433121, 0.48498635122838946, 0.4913557779799818, 0.5077343039126478, 0.5677888989990901, 0.6205641492265697, 0.618744313011829, 0.5714285714285714, 0.3939945404913558, 0.4067333939945405, 0.5232029117379435, 0.5423111919927207, 0.4249317561419472, 0.5632393084622384, 0.4585987261146497, 0.5586897179253867, 0.49044585987261147, 0.5523202911737943, 0.5450409463148317, 0.618744313011829, 0.4986351228389445, 0.5668789808917197, 0.4858962693357598, 0.6069153776160146, 0.5159235668789809, 0.5659690627843494, 0.6578707916287534], "val_accuracies": [0.01090909090909091, 0.014545454545454545, 0.08, 0.13090909090909092, 0.18181818181818182, 0.28363636363636363, 0.2545454545454545, 0.3054545454545455, 0.26181818181818184, 0.28363636363636363, 0.32727272727272727, 0.29454545454545455, 0.3418181818181818, 0.3527272727272727, 0.33454545454545453, 0.36727272727272725, 0.3527272727272727, 0.37454545454545457, 0.36727272727272725, 0.33090909090909093, 0.3527272727272727, 0.3563636363636364, 0.3490909090909091, 0.3490909090909091, 0.39636363636363636, 0.37454545454545457, 0.36363636363636365, 0.3563636363636364, 0.36, 0.37454545454545457, 0.3563636363636364, 0.3709090909090909, 0.33090909090909093, 0.36727272727272725, 0.38545454545454544, 0.3890909090909091, 0.36, 0.3927272727272727, 0.3781818181818182, 0.38181818181818183], "best_val_accuracy": 0.39636363636363636}