{"train_accuracies": [0.00272975432211101, 0.006369426751592357, 0.01364877161055505, 0.012738853503184714, 0.01637852593266606, 0.01091901728844404, 0.023657870791628753, 0.03366696997270246, 0.04185623293903549, 0.05732484076433121, 0.07643312101910828, 0.11828935395814377, 0.14558689717925385, 0.16742493175614195, 0.20746132848043677, 0.2802547770700637, 0.31938125568698816, 0.37670609645131936, 0.4240218380345769, 0.4895359417652411, 0.5359417652411284, 0.6260236578707916, 0.6596906278434941, 0.721565059144677, 0.7388535031847133, 0.7825295723384895, 0.8262056414922657, 0.8553230209281165, 0.8471337579617835, 0.8707916287534122, 0.8853503184713376, 0.8989990900818926, 0.9017288444040037, 0.8880800727934486, 0.910828025477707, 0.9299363057324841, 0.9554140127388535, 0.9490445859872612, 0.9636032757051866, 0.9672429481346679, 0.9808917197452229, 0.9845313921747043, 0.9909008189262967, 0.991810737033667, 0.997270245677889, 0.9945404913557779, 0.9945404913557779, 0.991810737033667, 0.9936305732484076, 0.9963603275705186, 0.9954504094631483, 0.9936305732484076, 0.9954504094631483, 0.9927206551410374, 0.9954504094631483, 0.9963603275705186, 0.9954504094631483, 0.997270245677889, 0.9963603275705186, 0.9945404913557779, 0.9963603275705186, 0.9945404913557779, 0.9963603275705186, 0.9936305732484076, 0.9963603275705186, 0.997270245677889, 0.9927206551410374, 0.9909008189262967, 0.9936305732484076, 0.991810737033667, 0.9954504094631483, 0.991810737033667, 0.9909008189262967, 0.9945404913557779, 0.9945404913557779, 0.9963603275705186, 0.9936305732484076, 0.9909008189262967, 0.989080982711556, 0.9963603275705186, 0.9945404913557779, 0.9981801637852593, 0.9936305732484076, 0.997270245677889, 0.9936305732484076, 0.9936305732484076, 0.9954504094631483, 0.9927206551410374, 0.9963603275705186, 0.991810737033667], "val_accuracies": [0.014545454545454545, 0.0, 0.01090909090909091, 0.007272727272727273, 0.007272727272727273, 0.01090909090909091, 0.02181818181818182, 0.025454545454545455, 0.02909090909090909, 0.03636363636363636, 0.05454545454545454, 0.08, 0.07636363636363637, 0.12, 0.12363636363636364, 0.15636363636363637, 0.16, 0.17454545454545456, 0.19272727272727272, 0.19636363636363635, 0.18545454545454546, 0.24363636363636362, 0.23272727272727273, 0.26545454545454544, 0.2545454545454545, 0.24363636363636362, 0.3018181818181818, 0.26545454545454544, 0.2545454545454545, 0.3090909090909091, 0.29454545454545455, 0.28363636363636363, 0.3490909090909091, 0.28, 0.3054545454545455, 0.33090909090909093, 0.3054545454545455, 0.3054545454545455, 0.2872727272727273, 0.31636363636363635, 0.31272727272727274, 0.34545454545454546, 0.36, 0.3490909090909091, 0.33090909090909093, 0.3418181818181818, 0.3418181818181818, 0.34545454545454546, 0.3527272727272727, 0.3563636363636364, 0.3490909090909091, 0.34545454545454546, 0.36363636363636365, 0.36, 0.34545454545454546, 0.33454545454545453, 0.3418181818181818, 0.3490909090909091, 0.3527272727272727, 0.36363636363636365, 0.3709090909090909, 0.3490909090909091, 0.3381818181818182, 0.33090909090909093, 0.36727272727272725, 0.3563636363636364, 0.33454545454545453, 0.36727272727272725, 0.3527272727272727, 0.3527272727272727, 0.3381818181818182, 0.3490909090909091, 0.3418181818181818, 0.36, 0.3781818181818182, 0.3527272727272727, 0.3563636363636364, 0.36, 0.34545454545454546, 0.34545454545454546, 0.3527272727272727, 0.34545454545454546, 0.34545454545454546, 0.3490909090909091, 0.3563636363636364, 0.36363636363636365, 0.36, 0.3563636363636364, 0.36727272727272725, 0.3563636363636364], "best_val_accuracy": 0.3781818181818182}