{"train_accuracies": [0.004366812227074236, 0.009461426491994178, 0.012372634643377001, 0.01455604075691412, 0.020378457059679767, 0.03275109170305677, 0.039301310043668124, 0.05312954876273653, 0.07569141193595343, 0.08879184861717612, 0.12590975254730713, 0.17394468704512372, 0.23580786026200873, 0.23435225618631733, 0.31513828238719066, 0.37117903930131, 0.43085880640465796, 0.4737991266375546, 0.5240174672489083, 0.5895196506550219, 0.6426491994177583, 0.6870451237263464, 0.7416302765647744, 0.777292576419214, 0.7983988355167394, 0.8180494905385735, 0.8362445414847162, 0.8646288209606987, 0.8930131004366813, 0.8922852983988355, 0.888646288209607, 0.9235807860262009, 0.9468704512372634, 0.9323144104803494, 0.9170305676855895, 0.9228529839883551, 0.9359534206695779, 0.9315866084425036, 0.9446870451237264, 0.9672489082969432, 0.9665211062590975, 0.962882096069869, 0.9679767103347889, 0.9687045123726347, 0.9621542940320232, 0.9519650655021834, 0.9577874818049491, 0.9490538573508006, 0.9577874818049491, 0.9730713245997089, 0.980349344978166, 0.9912663755458515, 0.9941775836972343, 0.9912663755458515, 0.9941775836972343, 0.99490538573508, 0.9970887918486172, 0.9970887918486172, 0.9978165938864629, 0.9963609898107715, 0.9919941775836972, 0.9956331877729258, 0.9956331877729258, 0.9985443959243085, 0.99490538573508, 0.9970887918486172, 0.9963609898107715, 0.9978165938864629, 0.9978165938864629, 0.9970887918486172, 0.9963609898107715, 0.9985443959243085, 0.99490538573508, 0.9978165938864629, 0.9963609898107715, 0.9978165938864629, 0.9985443959243085, 0.9970887918486172, 0.9985443959243085, 0.9970887918486172, 0.9963609898107715, 0.9978165938864629, 0.9963609898107715, 0.9978165938864629, 0.9956331877729258, 0.9970887918486172, 0.9956331877729258, 0.9985443959243085, 0.9970887918486172], "test_accuracies": [0.012216404886561954, 0.009598603839441536, 0.02443280977312391, 0.01832460732984293, 0.030541012216404886, 0.03926701570680628, 0.056719022687609075, 0.0636998254799302, 0.07504363001745201, 0.12652705061082026, 0.14485165794066318, 0.16928446771378708, 0.19284467713787085, 0.20767888307155322, 0.2530541012216405, 0.2792321116928447, 0.32024432809773123, 0.29842931937172773, 0.30017452006980805, 0.3900523560209424, 0.4048865619546248, 0.3787085514834206, 0.4598603839441536, 0.42670157068062825, 0.4048865619546248, 0.3961605584642234, 0.450261780104712, 0.44502617801047123, 0.47033158813263526, 0.48080279232111695, 0.47294938917975565, 0.4816753926701571, 0.48429319371727747, 0.48778359511343805, 0.44502617801047123, 0.47643979057591623, 0.4642233856893543, 0.4694589877835951, 0.5043630017452007, 0.4869109947643979, 0.4781849912739965, 0.49476439790575916, 0.5261780104712042, 0.4755671902268761, 0.4354275741710297, 0.5026178010471204, 0.5069808027923212, 0.5200698080279232, 0.5026178010471204, 0.5314136125654451, 0.5462478184991274, 0.5497382198952879, 0.5549738219895288, 0.5567190226876091, 0.5619546247818499, 0.5654450261780105, 0.5584642233856894, 0.5680628272251309, 0.5610820244328097, 0.5541012216404887, 0.5610820244328097, 0.5619546247818499, 0.5663176265270506, 0.5645724258289704, 0.568935427574171, 0.5663176265270506, 0.5671902268760908, 0.5593368237347295, 0.5593368237347295, 0.5610820244328097, 0.5584642233856894, 0.5619546247818499, 0.5663176265270506, 0.5706806282722513, 0.56282722513089, 0.5654450261780105, 0.5671902268760908, 0.5654450261780105, 0.5654450261780105, 0.5645724258289704, 0.5680628272251309, 0.5680628272251309, 0.5671902268760908, 0.56282722513089, 0.5680628272251309, 0.5671902268760908, 0.5567190226876091, 0.5680628272251309, 0.5654450261780105], "best_test_accuracy": 0.5706806282722513}