{"train_accuracies": [0.007751937984496124, 0.015503875968992248, 0.04933051444679352, 0.14658210007047218, 0.30303030303030304, 0.5052854122621564, 0.6631430584918957, 0.7780126849894292, 0.864693446088795, 0.9083861874559549, 0.9189570119802678, 0.9365750528541226, 0.9584214235377027, 0.9704016913319239, 0.971106412966878, 0.9534883720930233, 0.9654686398872445, 0.9732205778717407, 0.966878083157153, 0.9802677942212826, 0.9774489076814659, 0.9739252995066948, 0.9718111346018323, 0.966878083157153, 0.985200845665962, 0.9922480620155039, 0.992952783650458, 0.9859055673009162, 0.9936575052854123, 0.9915433403805497, 0.9844961240310077, 0.9844961240310077, 0.9873150105708245, 0.985200845665962, 0.981677237491191, 0.9908386187455955, 0.9873150105708245, 0.992952783650458, 0.9788583509513742, 0.9915433403805497, 0.9795630725863284, 0.9788583509513742, 0.9830866807610994, 0.9887244538407329, 0.992952783650458, 0.9957716701902748, 0.9985905567300916, 0.9978858350951374, 0.9978858350951374, 0.9992952783650458, 0.9985905567300916, 0.9992952783650458, 0.9978858350951374, 0.9992952783650458, 0.9992952783650458, 0.9992952783650458, 1.0, 1.0, 0.9992952783650458, 0.9992952783650458, 1.0, 0.9992952783650458, 1.0, 0.9985905567300916, 0.9992952783650458, 0.9992952783650458, 1.0, 0.9992952783650458, 1.0, 0.9992952783650458, 0.9992952783650458, 1.0, 0.9985905567300916, 1.0, 1.0, 0.9985905567300916, 1.0, 0.9985905567300916, 1.0, 1.0, 0.9992952783650458, 0.9985905567300916, 0.9985905567300916, 0.9992952783650458, 0.9992952783650458, 0.9992952783650458, 0.9992952783650458, 1.0, 1.0], "test_accuracies": [0.009235936188077247, 0.02686817800167926, 0.0654911838790932, 0.1704450041981528, 0.3089840470193115, 0.40470193115029385, 0.4659949622166247, 0.4945424013434089, 0.5465994962216625, 0.563392107472712, 0.5642317380352645, 0.5785054575986566, 0.6322418136020151, 0.6095717884130982, 0.5768261964735516, 0.6070528967254408, 0.5978169605373636, 0.6297229219143576, 0.635600335852225, 0.6062132661628883, 0.6272040302267002, 0.5877413937867338, 0.6230058774139379, 0.6137699412258606, 0.6448362720403022, 0.6439966414777498, 0.6439966414777498, 0.6423173803526449, 0.635600335852225, 0.6347607052896725, 0.653232577665827, 0.6272040302267002, 0.6314021830394626, 0.6397984886649875, 0.6414777497900923, 0.6305625524769102, 0.6607892527287993, 0.6473551637279596, 0.5869017632241813, 0.6481947942905122, 0.6339210747271201, 0.5927791771620488, 0.600335852225021, 0.6658270361041142, 0.6733837111670865, 0.6935348446683459, 0.6960537363560033, 0.7002518891687658, 0.6977329974811083, 0.7010915197313182, 0.7052896725440806, 0.7002518891687658, 0.6994122586062133, 0.6994122586062133, 0.707808564231738, 0.7153652392947103, 0.7162048698572628, 0.7128463476070529, 0.7136859781696053, 0.7204030226700252, 0.7153652392947103, 0.7178841309823678, 0.7195633921074727, 0.7153652392947103, 0.7136859781696053, 0.7128463476070529, 0.7111670864819479, 0.7136859781696053, 0.7128463476070529, 0.7178841309823678, 0.7170445004198153, 0.7162048698572628, 0.7153652392947103, 0.7212426532325776, 0.709487825356843, 0.7120067170445005, 0.709487825356843, 0.7153652392947103, 0.7128463476070529, 0.7145256087321579, 0.7178841309823678, 0.7178841309823678, 0.7103274559193955, 0.7195633921074727, 0.7120067170445005, 0.7103274559193955, 0.7120067170445005, 0.7204030226700252, 0.7120067170445005], "best_test_accuracy": 0.7212426532325776}