{"train_accuracies": [0.0015290519877675841, 0.0045871559633027525, 0.0061162079510703364, 0.006880733944954129, 0.005351681957186544, 0.0061162079510703364, 0.010703363914373088, 0.012232415902140673, 0.012996941896024464, 0.016055045871559634, 0.017584097859327217, 0.019877675840978593, 0.023700305810397553, 0.03211009174311927, 0.02599388379204893, 0.035932721712538224, 0.05045871559633028, 0.04892966360856269, 0.06345565749235474, 0.08256880733944955, 0.09097859327217125, 0.10168195718654434, 0.13379204892966362, 0.1444954128440367, 0.16972477064220184, 0.22553516819571864, 0.2622324159021407, 0.2775229357798165, 0.3149847094801223, 0.34327217125382264, 0.40214067278287463, 0.4319571865443425, 0.4908256880733945, 0.5275229357798165, 0.5948012232415902, 0.6062691131498471, 0.6750764525993884, 0.6697247706422018, 0.7301223241590215, 0.7293577981651376, 0.7629969418960245, 0.7889908256880734, 0.8134556574923547, 0.8180428134556575, 0.827217125382263, 0.8333333333333334, 0.8738532110091743, 0.8929663608562691, 0.9059633027522935, 0.8899082568807339, 0.9113149847094801, 0.9220183486238532, 0.9181957186544343, 0.9143730886850153, 0.9197247706422018, 0.9334862385321101, 0.9396024464831805, 0.941131498470948, 0.9556574923547401, 0.9457186544342507, 0.9434250764525994, 0.9457186544342507, 0.944954128440367, 0.9288990825688074, 0.9480122324159022, 0.9747706422018348, 0.97782874617737, 0.9839449541284404, 0.985474006116208, 0.9885321100917431, 0.9938837920489296, 0.9900611620795107, 0.9908256880733946, 0.9923547400611621, 0.9915902140672783, 0.9892966360856269, 0.9923547400611621, 0.9877675840978594, 0.9931192660550459, 0.9969418960244648, 0.9969418960244648, 0.9931192660550459, 0.9954128440366973, 0.9923547400611621, 0.9954128440366973, 0.9946483180428135, 0.9984709480122325, 0.9969418960244648, 0.9900611620795107, 0.9969418960244648, 0.9931192660550459, 0.9977064220183486, 0.9931192660550459, 0.9946483180428135, 0.9946483180428135, 0.9931192660550459, 0.9946483180428135, 0.9946483180428135, 0.9977064220183486, 0.9969418960244648], "test_accuracies": [0.00909090909090909, 0.004545454545454545, 0.0027272727272727275, 0.01090909090909091, 0.008181818181818182, 0.014545454545454545, 0.007272727272727273, 0.007272727272727273, 0.017272727272727273, 0.03, 0.017272727272727273, 0.02727272727272727, 0.03909090909090909, 0.034545454545454546, 0.02090909090909091, 0.045454545454545456, 0.056363636363636366, 0.03909090909090909, 0.057272727272727274, 0.05818181818181818, 0.04818181818181818, 0.07181818181818182, 0.10545454545454545, 0.12636363636363637, 0.12090909090909091, 0.13272727272727272, 0.15818181818181817, 0.17909090909090908, 0.17545454545454545, 0.17, 0.19545454545454546, 0.1918181818181818, 0.19090909090909092, 0.22454545454545455, 0.19454545454545455, 0.2690909090909091, 0.28363636363636363, 0.2909090909090909, 0.26454545454545453, 0.25272727272727274, 0.2963636363636364, 0.2990909090909091, 0.3190909090909091, 0.3181818181818182, 0.33636363636363636, 0.3190909090909091, 0.3418181818181818, 0.3327272727272727, 0.3118181818181818, 0.32636363636363636, 0.34545454545454546, 0.3518181818181818, 0.34454545454545454, 0.36, 0.34545454545454546, 0.35545454545454547, 0.3572727272727273, 0.32727272727272727, 0.37, 0.36727272727272725, 0.34454545454545454, 0.34454545454545454, 0.3663636363636364, 0.3281818181818182, 0.33454545454545453, 0.3836363636363636, 0.38727272727272727, 0.39090909090909093, 0.3981818181818182, 0.3981818181818182, 0.39636363636363636, 0.3990909090909091, 0.4, 0.3936363636363636, 0.3990909090909091, 0.40454545454545454, 0.4090909090909091, 0.4072727272727273, 0.40636363636363637, 0.41, 0.41545454545454547, 0.40454545454545454, 0.4081818181818182, 0.4127272727272727, 0.4172727272727273, 0.4081818181818182, 0.41454545454545455, 0.41363636363636364, 0.41454545454545455, 0.41454545454545455, 0.41363636363636364, 0.41, 0.4081818181818182, 0.41545454545454547, 0.4163636363636364, 0.41363636363636364, 0.41454545454545455, 0.4118181818181818, 0.4163636363636364, 0.41818181818181815], "best_test_accuracy": 0.41818181818181815}